model,lambda,sum_to_one_constraint,positive_weights_constraint,feature_name,feature_type,donor_name,weight,abs_weight,abs_weight_share,abs_weight_rank
SCM,0.01,True,False,netconsumption_24,current_donor,netconsumption_24,0.19751950688645942,0.19751950688645942,0.04658324959322412,1
SCM,0.01,True,False,treated__treated_lag_3,treated_lag,,0.15917329324647125,0.15917329324647125,0.03753963021048902,2
SCM,0.01,True,False,netconsumption_239,current_donor,netconsumption_239,0.14563345259890925,0.14563345259890925,0.034346377117262,3
SCM,0.01,True,False,netconsumption_138,current_donor,netconsumption_138,0.13744117285297475,0.13744117285297475,0.03241429953080999,4
SCM,0.01,True,False,netconsumption_288,current_donor,netconsumption_288,0.11458264582143678,0.11458264582143678,0.02702331568911941,5
SCM,0.01,True,False,netconsumption_53,current_donor,netconsumption_53,0.10680111969352572,0.10680111969352572,0.025188110753937766,6
SCM,0.01,True,False,netconsumption_158,current_donor,netconsumption_158,0.10665664406832405,0.10665664406832405,0.025154037440293986,7
SCM,0.01,True,False,netconsumption_111,current_donor,netconsumption_111,0.09717071901250522,0.09717071901250522,0.02291686491256063,8
SCM,0.01,True,False,netconsumption_36,current_donor,netconsumption_36,0.09325885445731465,0.09325885445731465,0.021994285842666134,9
SCM,0.01,True,False,netconsumption_113,current_donor,netconsumption_113,0.08715031822482769,0.08715031822482769,0.02055364095420575,10
SCM,0.01,True,False,netconsumption_111__donor_lag_3,donor_lag,netconsumption_111,-0.08401384202564291,0.08401384202564291,0.019813930452023207,11
SCM,0.01,True,False,netconsumption_81,current_donor,netconsumption_81,0.08299353604923967,0.08299353604923967,0.019573300203854494,12
SCM,0.01,True,False,netconsumption_206__donor_lag_1,donor_lag,netconsumption_206,-0.0826999560024998,0.0826999560024998,0.019504061915401622,13
SCM,0.01,True,False,netconsumption_204,current_donor,netconsumption_204,0.08160645262085317,0.08160645262085317,0.019246168698872072,14
SCM,0.01,True,False,netconsumption_206,current_donor,netconsumption_206,0.07998627178130638,0.07998627178130638,0.018864063206485683,15
SCM,0.01,True,False,netconsumption_256,current_donor,netconsumption_256,0.07327992315600504,0.07327992315600504,0.017282429489411007,16
SCM,0.01,True,False,netconsumption_153,current_donor,netconsumption_153,0.07309545738256651,0.07309545738256651,0.017238924848776024,17
SCM,0.01,True,False,netconsumption_222,current_donor,netconsumption_222,-0.06409747853167089,0.06409747853167089,0.015116830169353973,18
SCM,0.01,True,False,netconsumption_137__donor_lag_3,donor_lag,netconsumption_137,-0.05928101075001622,0.05928101075001622,0.013980908333747554,19
SCM,0.01,True,False,netconsumption_125,current_donor,netconsumption_125,0.0564811048495186,0.0564811048495186,0.013320574995251543,20
SCM,0.01,True,False,netconsumption_298__donor_lag_14,donor_lag,netconsumption_298,-0.055199059932230204,0.055199059932230204,0.013018215905189113,21
SCM,0.01,True,False,netconsumption_210,current_donor,netconsumption_210,0.05216419196001894,0.05216419196001894,0.012302468815392733,22
SCM,0.01,True,False,netconsumption_257,current_donor,netconsumption_257,-0.04992321321689344,0.04992321321689344,0.011773953562546681,23
SCM,0.01,True,False,netconsumption_191,current_donor,netconsumption_191,0.048698816508757084,0.048698816508757084,0.011485190298830028,24
SCM,0.01,True,False,netconsumption_181__donor_lag_14,donor_lag,netconsumption_181,0.047473618228581635,0.047473618228581635,0.011196237991352824,25
SCM,0.01,True,False,netconsumption_196,current_donor,netconsumption_196,-0.04455913316431724,0.04455913316431724,0.010508882158379857,26
SCM,0.01,True,False,netconsumption_298,current_donor,netconsumption_298,-0.043678693500333376,0.043678693500333376,0.010301238157715603,27
SCM,0.01,True,False,netconsumption_26__donor_lag_1,donor_lag,netconsumption_26,-0.042267154061096116,0.042267154061096116,0.009968338916293002,28
SCM,0.01,True,False,netconsumption_277,current_donor,netconsumption_277,-0.040320688002177266,0.040320688002177266,0.009509281906296121,29
SCM,0.01,True,False,treated__treated_lag_1,treated_lag,,0.03832274751271732,0.03832274751271732,0.009038085101686737,30
SCM,0.01,True,False,netconsumption_128,current_donor,netconsumption_128,-0.03800018911837627,0.03800018911837627,0.008962012523191409,31
SCM,0.01,True,False,netconsumption_288__donor_lag_3,donor_lag,netconsumption_288,-0.03561609317046932,0.03561609317046932,0.008399744328286569,32
SCM,0.01,True,False,netconsumption_216__donor_lag_3,donor_lag,netconsumption_216,-0.03524083453050858,0.03524083453050858,0.008311242857404741,33
SCM,0.01,True,False,netconsumption_234,current_donor,netconsumption_234,-0.035141628795078234,0.035141628795078234,0.008287846051653865,34
SCM,0.01,True,False,netconsumption_123,current_donor,netconsumption_123,0.03427864161599188,0.03427864161599188,0.00808431806703693,35
SCM,0.01,True,False,netconsumption_125__donor_lag_3,donor_lag,netconsumption_125,-0.033938514185879606,0.033938514185879606,0.008004101984989248,36
SCM,0.01,True,False,netconsumption_20__donor_lag_3,donor_lag,netconsumption_20,-0.03328863979075093,0.03328863979075093,0.00785083478809448,37
SCM,0.01,True,False,netconsumption_153__donor_lag_3,donor_lag,netconsumption_153,-0.03228655839073327,0.03228655839073327,0.007614502647003304,38
SCM,0.01,True,False,netconsumption_179,current_donor,netconsumption_179,0.03221341689376001,0.03221341689376001,0.007597252864119399,39
SCM,0.01,True,False,netconsumption_27,current_donor,netconsumption_27,0.03011685784489858,0.03011685784489858,0.007102797734094265,40
SCM,0.01,True,False,netconsumption_202__donor_lag_11,donor_lag,netconsumption_202,-0.02943844349413577,0.02943844349413577,0.006942799638071397,41
SCM,0.01,True,False,netconsumption_194,current_donor,netconsumption_194,0.029419058170231244,0.029419058170231244,0.00693822777883519,42
SCM,0.01,True,False,netconsumption_138__donor_lag_3,donor_lag,netconsumption_138,-0.02882876608816322,0.02882876608816322,0.0067990125497910765,43
SCM,0.01,True,False,netconsumption_179__donor_lag_3,donor_lag,netconsumption_179,-0.02789040322454554,0.02789040322454554,0.006577707868679039,44
SCM,0.01,True,False,netconsumption_222__donor_lag_14,donor_lag,netconsumption_222,-0.027262894727921448,0.027262894727921448,0.006429715473492917,45
SCM,0.01,True,False,netconsumption_49__donor_lag_3,donor_lag,netconsumption_49,-0.026206226752979584,0.026206226752979584,0.006180509565733241,46
SCM,0.01,True,False,netconsumption_255,current_donor,netconsumption_255,0.026190075655289413,0.026190075655289413,0.006176700470486065,47
SCM,0.01,True,False,netconsumption_158__donor_lag_3,donor_lag,netconsumption_158,-0.02585021579914842,0.02585021579914842,0.006096547493421204,48
SCM,0.01,True,False,netconsumption_256__donor_lag_3,donor_lag,netconsumption_256,0.025431932842303658,0.025431932842303658,0.005997899113388077,49
SCM,0.01,True,False,netconsumption_267__donor_lag_11,donor_lag,netconsumption_267,0.024048489561819056,0.024048489561819056,0.0056716261054773785,50
SCM,0.01,True,False,netconsumption_20,current_donor,netconsumption_20,0.023862952621335472,0.023862952621335472,0.005627868839455657,51
SCM,0.01,True,False,netconsumption_137,current_donor,netconsumption_137,0.02276674393497526,0.02276674393497526,0.005369337600450834,52
SCM,0.01,True,False,netconsumption_49,current_donor,netconsumption_49,-0.022084140947959182,0.022084140947959182,0.005208351651171765,53
SCM,0.01,True,False,netconsumption_51,current_donor,netconsumption_51,0.020628262417707093,0.020628262417707093,0.0048649954226088095,54
SCM,0.01,True,False,netconsumption_181,current_donor,netconsumption_181,-0.020511357445581184,0.020511357445581184,0.00483742440655539,55
SCM,0.01,True,False,netconsumption_21,current_donor,netconsumption_21,-0.02007083862646081,0.02007083862646081,0.004733531892721844,56
SCM,0.01,True,False,netconsumption_128__donor_lag_14,donor_lag,netconsumption_128,-0.019870348394699304,0.019870348394699304,0.004686248023627749,57
SCM,0.01,True,False,netconsumption_123__donor_lag_3,donor_lag,netconsumption_123,-0.01839735441535652,0.01839735441535652,0.0043388552659671875,58
SCM,0.01,True,False,netconsumption_247,current_donor,netconsumption_247,0.018383652818559096,0.018383652818559096,0.004335623864099588,59
SCM,0.01,True,False,netconsumption_254__donor_lag_14,donor_lag,netconsumption_254,0.018280827011230412,0.018280827011230412,0.004311373296026986,60
SCM,0.01,True,False,netconsumption_210__donor_lag_3,donor_lag,netconsumption_210,-0.018093045930035807,0.018093045930035807,0.004267086769029924,61
SCM,0.01,True,False,netconsumption_220,current_donor,netconsumption_220,0.017762218239905276,0.017762218239905276,0.004189063949387309,62
SCM,0.01,True,False,netconsumption_277__donor_lag_14,donor_lag,netconsumption_277,-0.017190634788629616,0.017190634788629616,0.004054260987422463,63
SCM,0.01,True,False,netconsumption_81__donor_lag_18,donor_lag,netconsumption_81,-0.017114145088648797,0.017114145088648797,0.004036221560118883,64
SCM,0.01,True,False,netconsumption_102__donor_lag_3,donor_lag,netconsumption_102,-0.016978316641113746,0.016978316641113746,0.0040041876077608375,65
SCM,0.01,True,False,netconsumption_220__donor_lag_3,donor_lag,netconsumption_220,-0.01691757021352256,0.01691757021352256,0.003989861093671252,66
SCM,0.01,True,False,netconsumption_184__donor_lag_13,donor_lag,netconsumption_184,-0.016389215674659903,0.016389215674659903,0.0038652532929252725,67
SCM,0.01,True,False,netconsumption_65__donor_lag_4,donor_lag,netconsumption_65,0.01589087143071817,0.01589087143071817,0.0037477231579790124,68
SCM,0.01,True,False,netconsumption_166,current_donor,netconsumption_166,-0.015658465727401486,0.015658465727401486,0.0036929123038251838,69
SCM,0.01,True,False,netconsumption_24__donor_lag_3,donor_lag,netconsumption_24,-0.015465843986949463,0.015465843986949463,0.0036474841496443628,70
SCM,0.01,True,False,netconsumption_105,current_donor,netconsumption_105,-0.01545265173216416,0.01545265173216416,0.003644372871639227,71
SCM,0.01,True,False,netconsumption_184,current_donor,netconsumption_184,0.015142363637540186,0.015142363637540186,0.003571194136103079,72
SCM,0.01,True,False,netconsumption_65,current_donor,netconsumption_65,0.014061899740647317,0.014061899740647317,0.00331637616810177,73
SCM,0.01,True,False,netconsumption_36__donor_lag_6,donor_lag,netconsumption_36,0.013752115155794867,0.013752115155794867,0.003243316180945108,74
SCM,0.01,True,False,netconsumption_255__donor_lag_24,donor_lag,netconsumption_255,-0.012269413200640109,0.012269413200640109,0.0028936338820264567,75
SCM,0.01,True,False,netconsumption_102,current_donor,netconsumption_102,0.01201886633797981,0.01201886633797981,0.0028345445939754643,76
SCM,0.01,True,False,netconsumption_53__donor_lag_6,donor_lag,netconsumption_53,0.011705767546483642,0.011705767546483642,0.0027607029801444477,77
SCM,0.01,True,False,netconsumption_166__donor_lag_15,donor_lag,netconsumption_166,0.011641229252943447,0.011641229252943447,0.0027454821876075775,78
SCM,0.01,True,False,netconsumption_196__donor_lag_11,donor_lag,netconsumption_196,-0.011611973210550396,0.011611973210550396,0.0027385824056752094,79
SCM,0.01,True,False,netconsumption_257__donor_lag_14,donor_lag,netconsumption_257,-0.011513592269745666,0.011513592269745666,0.0027153801205289764,80
SCM,0.01,True,False,netconsumption_133__donor_lag_6,donor_lag,netconsumption_133,0.011467535612379318,0.011467535612379318,0.0027045180603742828,81
SCM,0.01,True,False,netconsumption_105__donor_lag_6,donor_lag,netconsumption_105,-0.011433243735390324,0.011433243735390324,0.002696430620860186,82
SCM,0.01,True,False,netconsumption_133,current_donor,netconsumption_133,0.010779597410868374,0.010779597410868374,0.002542273847380579,83
SCM,0.01,True,False,netconsumption_216,current_donor,netconsumption_216,-0.010097890686299307,0.010097890686299307,0.0023814992737672775,84
SCM,0.01,True,False,treated__treated_lag_48,treated_lag,,0.009716233884396033,0.009716233884396033,0.0022914888523042887,85
SCM,0.01,True,False,treated__treated_lag_18,treated_lag,,0.008819343434117562,0.008819343434117562,0.002079965077454457,86
SCM,0.01,True,False,netconsumption_204__donor_lag_6,donor_lag,netconsumption_204,0.008559823788869653,0.008559823788869653,0.002018759637042551,87
SCM,0.01,True,False,treated__treated_lag_6,treated_lag,,-0.008140978794525244,0.008140978794525244,0.0019199787053767292,88
SCM,0.01,True,False,treated__treated_lag_14,treated_lag,,0.007554300857718075,0.007554300857718075,0.0017816158409086848,89
SCM,0.01,True,False,netconsumption_51__donor_lag_13,donor_lag,netconsumption_51,-0.00697407851459165,0.00697407851459165,0.0016447754717953673,90
SCM,0.01,True,False,treated__treated_lag_47,treated_lag,,0.006898210049863364,0.006898210049863364,0.0016268825573971756,91
SCM,0.01,True,False,treated__treated_lag_129,treated_lag,,-0.006768220272188516,0.006768220272188516,0.0015962256043020263,92
SCM,0.01,True,False,netconsumption_27__donor_lag_13,donor_lag,netconsumption_27,0.006597018453163468,0.006597018453163468,0.0015558491514029102,93
SCM,0.01,True,False,netconsumption_229,current_donor,netconsumption_229,-0.006460926940693555,0.006460926940693555,0.0015237531574788794,94
SCM,0.01,True,False,netconsumption_254,current_donor,netconsumption_254,0.006367319059697847,0.006367319059697847,0.001501676556777246,95
SCM,0.01,True,False,treated__treated_lag_11,treated_lag,,0.006249795084452848,0.006249795084452848,0.001473959554247604,96
SCM,0.01,True,False,netconsumption_26,current_donor,netconsumption_26,0.006185751096401916,0.006185751096401916,0.0014588553393406834,97
SCM,0.01,True,False,netconsumption_21__donor_lag_15,donor_lag,netconsumption_21,0.005837079171678639,0.005837079171678639,0.0013766241129085984,98
SCM,0.01,True,False,treated__treated_lag_336,treated_lag,,0.0057251497488280175,0.0057251497488280175,0.0013502265366708587,99
SCM,0.01,True,False,netconsumption_194__donor_lag_9,donor_lag,netconsumption_194,-0.005594048599354473,0.005594048599354473,0.0013193074762491695,100
SCM,0.01,True,False,treated__treated_lag_24,treated_lag,,0.00538194395058767,0.00538194395058767,0.0012692844484017642,101
SCM,0.01,True,False,treated__treated_lag_49,treated_lag,,0.005172250536843376,0.005172250536843376,0.0012198300892628424,102
SCM,0.01,True,False,treated__treated_lag_225,treated_lag,,-0.004975033668998511,0.004975033668998511,0.001173318214442842,103
SCM,0.01,True,False,treated__treated_lag_2,treated_lag,,0.004869365909113662,0.004869365909113662,0.001148397396695447,104
SCM,0.01,True,False,treated__treated_lag_302,treated_lag,,-0.004861273287858783,0.004861273287858783,0.0011464888226932035,105
SCM,0.01,True,False,treated__treated_lag_288,treated_lag,,0.004772827844986605,0.004772827844986605,0.0011256297379089028,106
SCM,0.01,True,False,treated__treated_lag_96,treated_lag,,0.004723140152340484,0.004723140152340484,0.0011139113298147788,107
SCM,0.01,True,False,netconsumption_267,current_donor,netconsumption_267,0.004638615450549629,0.004638615450549629,0.0010939769175514898,108
SCM,0.01,True,False,treated__treated_lag_126,treated_lag,,-0.004597343259260256,0.004597343259260256,0.0010842432319100137,109
SCM,0.01,True,False,treated__treated_lag_22,treated_lag,,0.004313779837940162,0.004313779837940162,0.0010173672770279693,110
SCM,0.01,True,False,treated__treated_lag_226,treated_lag,,-0.004282613051272913,0.004282613051272913,0.0010100168627563612,111
SCM,0.01,True,False,treated__treated_lag_322,treated_lag,,-0.0042660859544295165,0.0042660859544295165,0.0010061190913947212,112
SCM,0.01,True,False,treated__treated_lag_130,treated_lag,,-0.004227999333196203,0.004227999333196203,0.0009971366946125446,113
SCM,0.01,True,False,treated__treated_lag_324,treated_lag,,-0.004169090388078802,0.004169090388078802,0.0009832435347067999,114
SCM,0.01,True,False,treated__treated_lag_320,treated_lag,,-0.004106668010939684,0.004106668010939684,0.0009685217625623127,115
SCM,0.01,True,False,treated__treated_lag_124,treated_lag,,-0.00408837538838793,0.00408837538838793,0.0009642076073911335,116
SCM,0.01,True,False,treated__treated_lag_44,treated_lag,,0.004087410860698374,0.004087410860698374,0.000963980131964476,117
SCM,0.01,True,False,treated__treated_lag_321,treated_lag,,-0.004062523329290243,0.004062523329290243,0.0009581106251718603,118
SCM,0.01,True,False,treated__treated_lag_144,treated_lag,,0.004036519486609875,0.004036519486609875,0.0009519778461210357,119
SCM,0.01,True,False,treated__treated_lag_316,treated_lag,,-0.003976486365280216,0.003976486365280216,0.0009378195590797089,120
SCM,0.01,True,False,treated__treated_lag_50,treated_lag,,0.0039020473730763173,0.0039020473730763173,0.0009202637732843566,121
SCM,0.01,True,False,treated__treated_lag_323,treated_lag,,-0.003896693766867125,0.003896693766867125,0.0009190011720446218,122
SCM,0.01,True,False,treated__treated_lag_13,treated_lag,,0.0037907930290678204,0.0037907930290678204,0.0008940254084920764,123
SCM,0.01,True,False,treated__treated_lag_33,treated_lag,,-0.0037872259769148623,0.0037872259769148623,0.0008931841504139625,124
SCM,0.01,True,False,netconsumption_234__donor_lag_11,donor_lag,netconsumption_234,-0.0037666845633975155,0.0037666845633975155,0.0008883396375455386,125
SCM,0.01,True,False,treated__treated_lag_307,treated_lag,,-0.0037047763153937566,0.0037047763153937566,0.0008737391182646958,126
SCM,0.01,True,False,netconsumption_113__donor_lag_11,donor_lag,netconsumption_113,-0.00362912365278234,0.00362912365278234,0.0008558970989098917,127
SCM,0.01,True,False,treated__treated_lag_300,treated_lag,,-0.0035210352574007154,0.0035210352574007154,0.000830405395434307,128
SCM,0.01,True,False,treated__treated_lag_46,treated_lag,,0.003493952695201535,0.003493952695201535,0.0008240182098118073,129
SCM,0.01,True,False,treated__treated_lag_204,treated_lag,,-0.003482900152406749,0.003482900152406749,0.0008214115641808758,130
SCM,0.01,True,False,treated__treated_lag_34,treated_lag,,-0.0034199846488544195,0.0034199846488544195,0.0008065734924812221,131
SCM,0.01,True,False,treated__treated_lag_325,treated_lag,,-0.0033554600030478465,0.0033554600030478465,0.0007913559186430605,132
SCM,0.01,True,False,treated__treated_lag_299,treated_lag,,-0.0033323027734369582,0.0033323027734369582,0.0007858944884083662,133
SCM,0.01,True,False,treated__treated_lag_177,treated_lag,,-0.0033137397960905663,0.0033137397960905663,0.0007815165724214788,134
SCM,0.01,True,False,treated__treated_lag_298,treated_lag,,-0.0032958604335528805,0.0032958604335528805,0.0007772998810131739,135
SCM,0.01,True,False,treated__treated_lag_224,treated_lag,,-0.0031960639326580513,0.0031960639326580513,0.0007537637483901487,136
SCM,0.01,True,False,treated__treated_lag_111,treated_lag,,0.0031489567825175356,0.0031489567825175356,0.0007426539386948333,137
SCM,0.01,True,False,treated__treated_lag_176,treated_lag,,-0.0031286336670616815,0.0031286336670616815,0.0007378609095165245,138
SCM,0.01,True,False,treated__treated_lag_220,treated_lag,,-0.003127664740409064,0.003127664740409064,0.0007376323966328712,139
SCM,0.01,True,False,treated__treated_lag_182,treated_lag,,-0.0031271324390996875,0.0031271324390996875,0.0007375068580207899,140
SCM,0.01,True,False,treated__treated_lag_123,treated_lag,,-0.003073931651011375,0.003073931651011375,0.0007249599170672633,141
SCM,0.01,True,False,treated__treated_lag_37,treated_lag,,-0.003066965805901428,0.003066965805901428,0.0007233170833720025,142
SCM,0.01,True,False,treated__treated_lag_29,treated_lag,,-0.0030437298763137124,0.0030437298763137124,0.0007178370924355258,143
SCM,0.01,True,False,treated__treated_lag_229,treated_lag,,-0.003021193677752409,0.003021193677752409,0.0007125221269467393,144
SCM,0.01,True,False,treated__treated_lag_128,treated_lag,,-0.0030109730039963156,0.0030109730039963156,0.0007101116703589518,145
SCM,0.01,True,False,treated__treated_lag_45,treated_lag,,0.003008357245833964,0.003008357245833964,0.0007094947666552463,146
SCM,0.01,True,False,treated__treated_lag_112,treated_lag,,0.0030005089746691655,0.0030005089746691655,0.0007076438204863939,147
SCM,0.01,True,False,treated__treated_lag_286,treated_lag,,0.0029985743520383524,0.0029985743520383524,0.000707187556645417,148
SCM,0.01,True,False,treated__treated_lag_63,treated_lag,,0.002989928159865418,0.002989928159865418,0.0007051484277797587,149
SCM,0.01,True,False,treated__treated_lag_231,treated_lag,,-0.0029488534301217472,0.0029488534301217472,0.0006954613117182371,150
SCM,0.01,True,False,treated__treated_lag_317,treated_lag,,-0.0029331266449574016,0.0029331266449574016,0.0006917522868722463,151
SCM,0.01,True,False,treated__treated_lag_17,treated_lag,,0.0029071693711078825,0.0029071693711078825,0.0006856304906732163,152
SCM,0.01,True,False,treated__treated_lag_133,treated_lag,,-0.0028576349431017204,0.0028576349431017204,0.0006739482287050602,153
SCM,0.01,True,False,treated__treated_lag_89,treated_lag,,0.002844261183513245,0.002844261183513245,0.0006707941443782506,154
SCM,0.01,True,False,treated__treated_lag_318,treated_lag,,-0.002840254314993562,0.002840254314993562,0.000669849159453562,155
SCM,0.01,True,False,treated__treated_lag_64,treated_lag,,0.002815014918493723,0.002815014918493723,0.0006638966683539858,156
SCM,0.01,True,False,treated__treated_lag_158,treated_lag,,-0.0027936094594143614,0.0027936094594143614,0.0006588483778905803,157
SCM,0.01,True,False,treated__treated_lag_125,treated_lag,,-0.002790671919514985,0.002790671919514985,0.0006581555847762205,158
SCM,0.01,True,False,treated__treated_lag_296,treated_lag,,-0.0027894204720743344,0.0027894204720743344,0.0006578604418336344,159
SCM,0.01,True,False,treated__treated_lag_193,treated_lag,,0.0027806782894769025,0.0027806782894769025,0.0006557986744652103,160
SCM,0.01,True,False,treated__treated_lag_178,treated_lag,,-0.00273837010377837,0.00273837010377837,0.0006458206585957998,161
SCM,0.01,True,False,treated__treated_lag_26,treated_lag,,0.0027319926582127113,0.0027319926582127113,0.0006443165937910864,162
SCM,0.01,True,False,treated__treated_lag_152,treated_lag,,-0.0026773657573285208,0.0026773657573285208,0.0006314333165973289,163
SCM,0.01,True,False,treated__treated_lag_306,treated_lag,,-0.0026703310147943816,0.0026703310147943816,0.0006297742340466609,164
SCM,0.01,True,False,treated__treated_lag_272,treated_lag,,-0.0026416961923615796,0.0026416961923615796,0.0006230209614131298,165
SCM,0.01,True,False,treated__treated_lag_173,treated_lag,,-0.0026340936638208196,0.0026340936638208196,0.0006212279714946332,166
SCM,0.01,True,False,netconsumption_202,current_donor,netconsumption_202,0.002594566048031415,0.002594566048031415,0.0006119057287391298,167
SCM,0.01,True,False,treated__treated_lag_154,treated_lag,,-0.002590535678792084,0.002590535678792084,0.000610955201375083,168
SCM,0.01,True,False,treated__treated_lag_214,treated_lag,,0.002589121388178325,0.002589121388178325,0.0006106216532931918,169
SCM,0.01,True,False,treated__treated_lag_65,treated_lag,,0.0025887947982118882,0.0025887947982118882,0.0006105446299036493,170
SCM,0.01,True,False,treated__treated_lag_312,treated_lag,,-0.0025008448767636915,0.0025008448767636915,0.0005898024095168755,171
SCM,0.01,True,False,treated__treated_lag_192,treated_lag,,0.0024885728004452982,0.0024885728004452982,0.0005869081475617998,172
SCM,0.01,True,False,treated__treated_lag_297,treated_lag,,-0.0024723397434050186,0.0024723397434050186,0.0005830797229181363,173
SCM,0.01,True,False,treated__treated_lag_240,treated_lag,,0.002440683216019906,0.002440683216019906,0.0005756138075780219,174
SCM,0.01,True,False,treated__treated_lag_326,treated_lag,,-0.0024153711116175762,0.0024153711116175762,0.0005696441689550313,175
SCM,0.01,True,False,treated__treated_lag_308,treated_lag,,-0.002389623707461836,0.002389623707461836,0.0005635718686892458,176
SCM,0.01,True,False,treated__treated_lag_209,treated_lag,,0.0022819689758784303,0.0022819689758784303,0.0005381824410307205,177
SCM,0.01,True,False,treated__treated_lag_8,treated_lag,,-0.0022657433593848736,0.0022657433593848736,0.0005343557711749794,178
SCM,0.01,True,False,treated__treated_lag_85,treated_lag,,-0.0022479667262679066,0.0022479667262679066,0.0005301633076028074,179
SCM,0.01,True,False,treated__treated_lag_77,treated_lag,,-0.0022415564735870563,0.0022415564735870563,0.0005286515055266745,180
SCM,0.01,True,False,treated__treated_lag_69,treated_lag,,0.0022291289763047783,0.0022291289763047783,0.000525720588895477,181
SCM,0.01,True,False,treated__treated_lag_319,treated_lag,,-0.0022272791062335007,0.0022272791062335007,0.0005252843132050213,182
SCM,0.01,True,False,treated__treated_lag_38,treated_lag,,-0.002219125691442376,0.002219125691442376,0.0005233614015785238,183
SCM,0.01,True,False,treated__treated_lag_259,treated_lag,,-0.0022171600799097803,0.0022171600799097803,0.0005228978292758708,184
SCM,0.01,True,False,treated__treated_lag_131,treated_lag,,-0.0021915815358204815,0.0021915815358204815,0.0005168653531811019,185
SCM,0.01,True,False,treated__treated_lag_21,treated_lag,,0.0021788519917608413,0.0021788519917608413,0.0005138632014570242,186
SCM,0.01,True,False,treated__treated_lag_222,treated_lag,,-0.002161358952574935,0.002161358952574935,0.00050973762103519,187
SCM,0.01,True,False,treated__treated_lag_228,treated_lag,,-0.0021519962022669295,0.0021519962022669295,0.0005075294981953149,188
SCM,0.01,True,False,treated__treated_lag_134,treated_lag,,-0.0021490672038363195,0.0021490672038363195,0.0005068387195117204,189
SCM,0.01,True,False,treated__treated_lag_35,treated_lag,,-0.0021323206889702377,0.0021323206889702377,0.0005028892003269051,190
SCM,0.01,True,False,treated__treated_lag_16,treated_lag,,0.0021244119459739386,0.0021244119459739386,0.0005010239924050514,191
SCM,0.01,True,False,netconsumption_229__donor_lag_14,donor_lag,netconsumption_229,0.0020933043971771877,0.0020933043971771877,0.0004936875488675256,192
SCM,0.01,True,False,treated__treated_lag_108,treated_lag,,-0.0020919152500754306,0.0020919152500754306,0.000493359930663213,193
SCM,0.01,True,False,treated__treated_lag_147,treated_lag,,0.002086669791595611,0.002086669791595611,0.0004921228351203571,194
SCM,0.01,True,False,treated__treated_lag_287,treated_lag,,0.002079180585070458,0.002079180585070458,0.0004903565712089302,195
SCM,0.01,True,False,treated__treated_lag_145,treated_lag,,0.0020495697071647562,0.0020495697071647562,0.00048337310442178035,196
SCM,0.01,True,False,treated__treated_lag_174,treated_lag,,-0.0020064087286206234,0.0020064087286206234,0.00047319396481221824,197
SCM,0.01,True,False,treated__treated_lag_122,treated_lag,,-0.0019909367424974043,0.0019909367424974043,0.0004695450320934103,198
SCM,0.01,True,False,treated__treated_lag_221,treated_lag,,-0.001972297300460963,0.001972297300460963,0.00046514908257759313,199
SCM,0.01,True,False,treated__treated_lag_23,treated_lag,,0.0019395788779087981,0.0019395788779087981,0.0004574327285421399,200
SCM,0.01,True,False,treated__treated_lag_66,treated_lag,,0.0019301186624326792,0.0019301186624326792,0.00045520161939410493,201
SCM,0.01,True,False,treated__treated_lag_57,treated_lag,,0.0019295791704537022,0.0019295791704537022,0.0004550743849254371,202
SCM,0.01,True,False,treated__treated_lag_25,treated_lag,,0.0019088525820435444,0.0019088525820435444,0.0004501862001767712,203
SCM,0.01,True,False,treated__treated_lag_127,treated_lag,,-0.0018975808829496694,0.0018975808829496694,0.0004475278684478877,204
SCM,0.01,True,False,treated__treated_lag_175,treated_lag,,-0.001889526156299456,0.001889526156299456,0.0004456282315569968,205
SCM,0.01,True,False,treated__treated_lag_74,treated_lag,,0.001884603853086022,0.001884603853086022,0.000444467349359692,206
SCM,0.01,True,False,treated__treated_lag_142,treated_lag,,0.0018782556822593281,0.0018782556822593281,0.000442970188746334,207
SCM,0.01,True,False,treated__treated_lag_206,treated_lag,,-0.001864798248570827,0.001864798248570827,0.0004397963706142542,208
SCM,0.01,True,False,treated__treated_lag_98,treated_lag,,0.0018611243450042693,0.0018611243450042693,0.00043892991256400815,209
SCM,0.01,True,False,treated__treated_lag_219,treated_lag,,-0.0018584473222873466,0.0018584473222873466,0.0004382985601504927,210
SCM,0.01,True,False,treated__treated_lag_269,treated_lag,,-0.0018564939327761444,0.0018564939327761444,0.0004378378703047783,211
SCM,0.01,True,False,treated__treated_lag_213,treated_lag,,0.0018542344104271412,0.0018542344104271412,0.00043730498170453696,212
SCM,0.01,True,False,treated__treated_lag_103,treated_lag,,-0.0018412359563420824,0.0018412359563420824,0.0004342394099009458,213
SCM,0.01,True,False,treated__treated_lag_166,treated_lag,,0.0018188689800895121,0.0018188689800895121,0.00042896435401485486,214
SCM,0.01,True,False,treated__treated_lag_274,treated_lag,,-0.0018156803571950167,0.0018156803571950167,0.00042821234517028875,215
SCM,0.01,True,False,treated__treated_lag_104,treated_lag,,-0.0017959215118532317,0.0017959215118532317,0.00042355239416727526,216
SCM,0.01,True,False,treated__treated_lag_92,treated_lag,,0.0017853506456933144,0.0017853506456933144,0.0004210593477613471,217
SCM,0.01,True,False,treated__treated_lag_132,treated_lag,,-0.0017734478152522945,0.0017734478152522945,0.0004182521692196419,218
SCM,0.01,True,False,treated__treated_lag_88,treated_lag,,0.0017590325219170341,0.0017590325219170341,0.00041485244826052685,219
SCM,0.01,True,False,treated__treated_lag_39,treated_lag,,-0.0017553193716852054,0.0017553193716852054,0.0004139767342272499,220
SCM,0.01,True,False,treated__treated_lag_81,treated_lag,,-0.001752230415106078,0.001752230415106078,0.000413248230812188,221
SCM,0.01,True,False,treated__treated_lag_244,treated_lag,,0.0017352840830877536,0.0017352840830877536,0.0004092515864982012,222
SCM,0.01,True,False,treated__treated_lag_279,treated_lag,,-0.001731787634683801,0.001731787634683801,0.00040842697969729023,223
SCM,0.01,True,False,treated__treated_lag_293,treated_lag,,-0.0017310335622339628,0.0017310335622339628,0.00040824913829977003,224
SCM,0.01,True,False,treated__treated_lag_86,treated_lag,,-0.0017274430800003735,0.0017274430800003735,0.0004074023544418928,225
SCM,0.01,True,False,treated__treated_lag_301,treated_lag,,-0.0017244761075218013,0.0017244761075218013,0.00040670261991093833,226
SCM,0.01,True,False,treated__treated_lag_95,treated_lag,,0.0017165644359915086,0.0017165644359915086,0.0004048367213199344,227
SCM,0.01,True,False,treated__treated_lag_82,treated_lag,,-0.0016783529264043121,0.0016783529264043121,0.00039582487071088314,228
SCM,0.01,True,False,treated__treated_lag_43,treated_lag,,0.0016675126120089874,0.0016675126120089874,0.000393268277293319,229
SCM,0.01,True,False,treated__treated_lag_290,treated_lag,,0.0016197171083863985,0.0016197171083863985,0.00038199612544471826,230
SCM,0.01,True,False,treated__treated_lag_289,treated_lag,,0.0016187324777042853,0.0016187324777042853,0.0003817639089029446,231
SCM,0.01,True,False,treated__treated_lag_30,treated_lag,,-0.0016180395423904632,0.0016180395423904632,0.0003816004861646816,232
SCM,0.01,True,False,treated__treated_lag_223,treated_lag,,-0.001613663849694258,0.001613663849694258,0.00038056851728108295,233
SCM,0.01,True,False,treated__treated_lag_80,treated_lag,,-0.0016084856355537008,0.0016084856355537008,0.00037934728072799964,234
SCM,0.01,True,False,treated__treated_lag_315,treated_lag,,-0.0016010352626449904,0.0016010352626449904,0.000377590175385647,235
SCM,0.01,True,False,treated__treated_lag_181,treated_lag,,-0.0015869961584091949,0.0015869961584091949,0.0003742791753381566,236
SCM,0.01,True,False,treated__treated_lag_113,treated_lag,,0.0015529646267151468,0.0015529646267151468,0.0003662531359867378,237
SCM,0.01,True,False,treated__treated_lag_54,treated_lag,,0.0015518647632089674,0.0015518647632089674,0.0003659937427904178,238
SCM,0.01,True,False,treated__treated_lag_253,treated_lag,,0.0015497216827151821,0.0015497216827151821,0.00036548831598415423,239
SCM,0.01,True,False,treated__treated_lag_277,treated_lag,,-0.00153791471466845,0.00153791471466845,0.00036270374575040866,240
SCM,0.01,True,False,treated__treated_lag_257,treated_lag,,0.001525475555553435,0.001525475555553435,0.00035977007877787174,241
SCM,0.01,True,False,treated__treated_lag_99,treated_lag,,0.0015180070751643904,0.0015180070751643904,0.000358008702944522,242
SCM,0.01,True,False,treated__treated_lag_210,treated_lag,,0.0015116871402806014,0.0015116871402806014,0.00035651820153154666,243
SCM,0.01,True,False,treated__treated_lag_15,treated_lag,,0.0015086699039666548,0.0015086699039666548,0.00035580661271427045,244
SCM,0.01,True,False,treated__treated_lag_285,treated_lag,,0.0015060558864742196,0.0015060558864742196,0.0003551901195323532,245
SCM,0.01,True,False,treated__treated_lag_255,treated_lag,,0.0014992553299531535,0.0014992553299531535,0.0003535862677063371,246
SCM,0.01,True,False,treated__treated_lag_78,treated_lag,,-0.0014651037878327727,0.0014651037878327727,0.0003455319249446285,247
SCM,0.01,True,False,treated__treated_lag_254,treated_lag,,-0.0014579990985520454,0.0014579990985520454,0.00034385634606503624,248
SCM,0.01,True,False,netconsumption_191__donor_lag_3,donor_lag,netconsumption_191,-0.0014499191779656327,0.0014499191779656327,0.00034195076740446044,249
SCM,0.01,True,False,treated__treated_lag_94,treated_lag,,0.0014467808491283264,0.0014467808491283264,0.000341210619973767,250
SCM,0.01,True,False,treated__treated_lag_60,treated_lag,,-0.00144635133829059,0.00144635133829059,0.0003411093235961451,251
SCM,0.01,True,False,treated__treated_lag_7,treated_lag,,-0.0014460176714074392,0.0014460176714074392,0.0003410306311776401,252
SCM,0.01,True,False,treated__treated_lag_105,treated_lag,,-0.00144309959454782,0.00144309959454782,0.0003403424282511211,253
SCM,0.01,True,False,treated__treated_lag_202,treated_lag,,-0.0014392845832843454,0.0014392845832843454,0.00033944269118368523,254
SCM,0.01,True,False,treated__treated_lag_236,treated_lag,,0.0014364264298726156,0.0014364264298726156,0.0003387686206786851,255
SCM,0.01,True,False,netconsumption_247__donor_lag_4,donor_lag,netconsumption_247,-0.0014321208796266235,0.0014321208796266235,0.0003377531942790004,256
SCM,0.01,True,False,treated__treated_lag_208,treated_lag,,0.0014208895816733781,0.0014208895816733781,0.0003351043908060723,257
SCM,0.01,True,False,treated__treated_lag_330,treated_lag,,-0.0014067333704693985,0.0014067333704693985,0.00033176577210352335,258
SCM,0.01,True,False,treated__treated_lag_165,treated_lag,,0.001394301867583244,0.001394301867583244,0.00032883391078565615,259
SCM,0.01,True,False,treated__treated_lag_248,treated_lag,,-0.0013875878465219463,0.0013875878465219463,0.00032725046759160043,260
SCM,0.01,True,False,treated__treated_lag_137,treated_lag,,0.001387428226129394,0.001387428226129394,0.00032721282251692584,261
SCM,0.01,True,False,treated__treated_lag_271,treated_lag,,-0.001385566785046918,0.001385566785046918,0.00032677381790459706,262
SCM,0.01,True,False,treated__treated_lag_119,treated_lag,,-0.001379281191047967,0.001379281191047967,0.0003252914154892087,263
SCM,0.01,True,False,treated__treated_lag_20,treated_lag,,0.001348713544087389,0.001348713544087389,0.00031808230308158866,264
SCM,0.01,True,False,treated__treated_lag_305,treated_lag,,-0.0013346436563318092,0.0013346436563318092,0.00031476404300997165,265
SCM,0.01,True,False,treated__treated_lag_10,treated_lag,,-0.0013337803593511735,0.0013337803593511735,0.0003145604419613666,266
SCM,0.01,True,False,treated__treated_lag_230,treated_lag,,-0.0013243832040286318,0.0013243832040286318,0.00031234420499947566,267
SCM,0.01,True,False,treated__treated_lag_106,treated_lag,,-0.0013207343710485752,0.0013207343710485752,0.0003114836596279662,268
SCM,0.01,True,False,treated__treated_lag_268,treated_lag,,-0.0013115878428077673,0.0013115878428077673,0.00030932653087309365,269
SCM,0.01,True,False,treated__treated_lag_116,treated_lag,,0.0013053280732207748,0.0013053280732207748,0.00030785021891958843,270
SCM,0.01,True,False,treated__treated_lag_273,treated_lag,,-0.0012997643426642756,0.0012997643426642756,0.00030653806168879987,271
SCM,0.01,True,False,treated__treated_lag_332,treated_lag,,0.0012980138023434818,0.0012980138023434818,0.0003061252120519617,272
SCM,0.01,True,False,treated__treated_lag_263,treated_lag,,-0.0012972364534791928,0.0012972364534791928,0.00030594188111550386,273
SCM,0.01,True,False,treated__treated_lag_121,treated_lag,,-0.0012539678547420431,0.0012539678547420431,0.0002957373602239023,274
SCM,0.01,True,False,treated__treated_lag_203,treated_lag,,-0.0012462359342931295,0.0012462359342931295,0.0002939138543546125,275
SCM,0.01,True,False,treated__treated_lag_52,treated_lag,,0.0012434610823259195,0.0012434610823259195,0.0002932594297673382,276
SCM,0.01,True,False,treated__treated_lag_5,treated_lag,,0.0012062147223054604,0.0012062147223054604,0.00028447520124924304,277
SCM,0.01,True,False,treated__treated_lag_284,treated_lag,,0.0012045151879833506,0.0012045151879833506,0.0002840743809314574,278
SCM,0.01,True,False,treated__treated_lag_67,treated_lag,,0.0011995663552208569,0.0011995663552208569,0.0002829072419718462,279
SCM,0.01,True,False,treated__treated_lag_153,treated_lag,,-0.0011991309118055443,0.0011991309118055443,0.0002828045464476472,280
SCM,0.01,True,False,treated__treated_lag_328,treated_lag,,-0.0011960311593193543,0.0011960311593193543,0.0002820734969122492,281
SCM,0.01,True,False,treated__treated_lag_59,treated_lag,,0.001194169796947737,0.001194169796947737,0.00028163451086318857,282
SCM,0.01,True,False,treated__treated_lag_280,treated_lag,,0.0011760667907770473,0.0011760667907770473,0.0002773650750584421,283
SCM,0.01,True,False,treated__treated_lag_4,treated_lag,,-0.0011709225470329689,0.0011709225470329689,0.0002761518501265039,284
SCM,0.01,True,False,treated__treated_lag_114,treated_lag,,0.0011694611462927302,0.0011694611462927302,0.00027580719153297376,285
SCM,0.01,True,False,treated__treated_lag_309,treated_lag,,-0.001146317734548688,0.001146317734548688,0.00027034902012142197,286
SCM,0.01,True,False,treated__treated_lag_188,treated_lag,,0.0011385885315852806,0.0011385885315852806,0.00026852615514734093,287
SCM,0.01,True,False,treated__treated_lag_180,treated_lag,,-0.0011372341224786635,0.0011372341224786635,0.00026820672959560973,288
SCM,0.01,True,False,treated__treated_lag_179,treated_lag,,-0.001133468862951859,0.001133468862951859,0.00026731872604049135,289
SCM,0.01,True,False,treated__treated_lag_68,treated_lag,,0.001133257078628354,0.001133257078628354,0.00026726877855855766,290
SCM,0.01,True,False,treated__treated_lag_70,treated_lag,,0.0011273233219725423,0.0011273233219725423,0.0002658693539058725,291
SCM,0.01,True,False,treated__treated_lag_138,treated_lag,,0.0011108788781509847,0.0011108788781509847,0.0002619910755371354,292
SCM,0.01,True,False,treated__treated_lag_150,treated_lag,,-0.0011093575947121867,0.0011093575947121867,0.00026163229413245974,293
SCM,0.01,True,False,treated__treated_lag_283,treated_lag,,0.0010936634072862762,0.0010936634072862762,0.0002579309571782101,294
SCM,0.01,True,False,treated__treated_lag_227,treated_lag,,-0.001066375463314924,0.001066375463314924,0.0002514953340595572,295
SCM,0.01,True,False,treated__treated_lag_207,treated_lag,,0.0010615941953506453,0.0010615941953506453,0.00025036771379327073,296
SCM,0.01,True,False,treated__treated_lag_184,treated_lag,,0.001036637878628768,0.001036637878628768,0.0002444819845855169,297
SCM,0.01,True,False,treated__treated_lag_232,treated_lag,,-0.0010307665633221864,0.0010307665633221864,0.00024309728617937808,298
SCM,0.01,True,False,treated__treated_lag_140,treated_lag,,0.0010247862351958248,0.0010247862351958248,0.00024168687805234778,299
SCM,0.01,True,False,treated__treated_lag_199,treated_lag,,-0.001019886753046767,0.001019886753046767,0.00024053137800364476,300
SCM,0.01,True,False,treated__treated_lag_72,treated_lag,,0.001018938824522099,0.001018938824522099,0.00024030781734496747,301
SCM,0.01,True,False,treated__treated_lag_117,treated_lag,,0.0010144850337893189,0.0010144850337893189,0.00023925742972193462,302
SCM,0.01,True,False,treated__treated_lag_167,treated_lag,,0.0010126365597412559,0.0010126365597412559,0.00023882148327135437,303
SCM,0.01,True,False,treated__treated_lag_191,treated_lag,,0.0010043752091122198,0.0010043752091122198,0.00023687311592072733,304
SCM,0.01,True,False,treated__treated_lag_141,treated_lag,,0.0009936196420896287,0.0009936196420896287,0.00023433650943042246,305
SCM,0.01,True,False,treated__treated_lag_170,treated_lag,,0.0009934709522884304,0.0009934709522884304,0.0002343014422401972,306
SCM,0.01,True,False,treated__treated_lag_249,treated_lag,,-0.0009899620669033577,0.0009899620669033577,0.00023347390228597477,307
SCM,0.01,True,False,treated__treated_lag_335,treated_lag,,0.0009859975200563283,0.0009859975200563283,0.00023253889855793608,308
SCM,0.01,True,False,treated__treated_lag_247,treated_lag,,-0.0009765783149678388,0.0009765783149678388,0.00023031746135143732,309
SCM,0.01,True,False,treated__treated_lag_201,treated_lag,,-0.0009746357130570845,0.0009746357130570845,0.00022985931566701657,310
SCM,0.01,True,False,treated__treated_lag_234,treated_lag,,0.0009736811535483298,0.0009736811535483298,0.00022963419114869007,311
SCM,0.01,True,False,treated__treated_lag_246,treated_lag,,0.0009710064648037158,0.0009710064648037158,0.00022900338918214726,312
SCM,0.01,True,False,treated__treated_lag_136,treated_lag,,0.0009481456056577393,0.0009481456056577393,0.00022361185533164652,313
SCM,0.01,True,False,treated__treated_lag_162,treated_lag,,0.0009466942139262486,0.0009466942139262486,0.0002232695572753617,314
SCM,0.01,True,False,treated__treated_lag_250,treated_lag,,-0.0009261353276276466,0.0009261353276276466,0.0002184209236041719,315
SCM,0.01,True,False,treated__treated_lag_51,treated_lag,,0.0009249310820832458,0.0009249310820832458,0.000218136912816323,316
SCM,0.01,True,False,treated__treated_lag_278,treated_lag,,-0.000910518140889206,0.000910518140889206,0.0002147377465891596,317
SCM,0.01,True,False,netconsumption_227,current_donor,netconsumption_227,0.0009054289981108438,0.0009054289981108438,0.000213537516738463,318
SCM,0.01,True,False,treated__treated_lag_264,treated_lag,,-0.0009040709705591232,0.0009040709705591232,0.00021321723780807543,319
SCM,0.01,True,False,treated__treated_lag_151,treated_lag,,-0.0009008399675692383,0.0009008399675692383,0.00021245523398836776,320
SCM,0.01,True,False,treated__treated_lag_334,treated_lag,,0.0008833458899037632,0.0008833458899037632,0.00020832940865020243,321
SCM,0.01,True,False,treated__treated_lag_200,treated_lag,,-0.0008782899851571904,0.0008782899851571904,0.00020713701769883906,322
SCM,0.01,True,False,treated__treated_lag_101,treated_lag,,-0.000867785876725508,0.000867785876725508,0.00020465971551972506,323
SCM,0.01,True,False,treated__treated_lag_235,treated_lag,,0.0008553027165302883,0.0008553027165302883,0.00020171567127694355,324
SCM,0.01,True,False,treated__treated_lag_327,treated_lag,,-0.0008424909581958464,0.0008424909581958464,0.00019869413003461734,325
SCM,0.01,True,False,treated__treated_lag_31,treated_lag,,-0.0008367486138573391,0.0008367486138573391,0.00019733984830423265,326
SCM,0.01,True,False,treated__treated_lag_215,treated_lag,,0.0008327205793180176,0.0008327205793180176,0.00019638987155878035,327
SCM,0.01,True,False,treated__treated_lag_76,treated_lag,,-0.0008138858529961688,0.0008138858529961688,0.00019194786595082237,328
SCM,0.01,True,False,treated__treated_lag_120,treated_lag,,-0.0008134181923694626,0.0008134181923694626,0.00019183757227885962,329
SCM,0.01,True,False,treated__treated_lag_261,treated_lag,,-0.0008104724599452911,0.0008104724599452911,0.00019114284702912053,330
SCM,0.01,True,False,treated__treated_lag_169,treated_lag,,0.000802811545392458,0.000802811545392458,0.00018933608727990687,331
SCM,0.01,True,False,treated__treated_lag_239,treated_lag,,0.0007999476761510007,0.0007999476761510007,0.00018866066874641564,332
SCM,0.01,True,False,treated__treated_lag_143,treated_lag,,0.0007983204271892143,0.0007983204271892143,0.00018827689629916675,333
SCM,0.01,True,False,treated__treated_lag_36,treated_lag,,-0.0007981236863396563,0.0007981236863396563,0.00018823049668909982,334
SCM,0.01,True,False,treated__treated_lag_32,treated_lag,,-0.0007750630022548733,0.0007750630022548733,0.00018279183587303446,335
SCM,0.01,True,False,treated__treated_lag_73,treated_lag,,0.0007739221287366245,0.0007739221287366245,0.00018252277082375084,336
SCM,0.01,True,False,treated__treated_lag_28,treated_lag,,-0.0007725802620982972,0.0007725802620982972,0.00018220630330355826,337
SCM,0.01,True,False,treated__treated_lag_168,treated_lag,,0.0007612647551379071,0.0007612647551379071,0.00017953763987219032,338
SCM,0.01,True,False,treated__treated_lag_90,treated_lag,,0.0007560808794743138,0.0007560808794743138,0.0001783150680983745,339
SCM,0.01,True,False,treated__treated_lag_93,treated_lag,,0.000746310592895226,0.000746310592895226,0.000176010831390389,340
SCM,0.01,True,False,treated__treated_lag_115,treated_lag,,-0.0007438493137499991,0.0007438493137499991,0.00017543036021289355,341
SCM,0.01,True,False,treated__treated_lag_56,treated_lag,,-0.0007396453465773069,0.0007396453465773069,0.00017443889129332093,342
SCM,0.01,True,False,treated__treated_lag_212,treated_lag,,0.0007371473754524586,0.0007371473754524586,0.0001738497666330798,343
SCM,0.01,True,False,treated__treated_lag_83,treated_lag,,-0.0007321588888600777,0.0007321588888600777,0.00017267327566422116,344
SCM,0.01,True,False,treated__treated_lag_194,treated_lag,,0.0007200830988087228,0.0007200830988087228,0.0001698253061098976,345
SCM,0.01,True,False,treated__treated_lag_163,treated_lag,,-0.0007171108925779619,0.0007171108925779619,0.00016912433724422676,346
SCM,0.01,True,False,netconsumption_239__donor_lag_18,donor_lag,netconsumption_239,0.0007048579152812082,0.0007048579152812082,0.00016623457962649995,347
SCM,0.01,True,False,treated__treated_lag_161,treated_lag,,0.000685846097982082,0.000685846097982082,0.00016175080865913388,348
SCM,0.01,True,False,treated__treated_lag_139,treated_lag,,-0.0006816763586720573,0.0006816763586720573,0.000160767412081857,349
SCM,0.01,True,False,treated__treated_lag_160,treated_lag,,0.0006796906809668454,0.0006796906809668454,0.0001602991073477491,350
SCM,0.01,True,False,treated__treated_lag_314,treated_lag,,-0.0006688182446040018,0.0006688182446040018,0.00015773493824485678,351
SCM,0.01,True,False,treated__treated_lag_91,treated_lag,,0.0006669293872651606,0.0006669293872651606,0.00015728946774805258,352
SCM,0.01,True,False,treated__treated_lag_146,treated_lag,,0.0006658929928381524,0.0006658929928381524,0.00015704504317940425,353
SCM,0.01,True,False,treated__treated_lag_40,treated_lag,,0.000646121560646909,0.000646121560646909,0.0001523821236779414,354
SCM,0.01,True,False,treated__treated_lag_97,treated_lag,,0.0006389842903688858,0.0006389842903688858,0.00015069886085485946,355
SCM,0.01,True,False,treated__treated_lag_295,treated_lag,,-0.0006190136453954453,0.0006190136453954453,0.00014598895875961876,356
SCM,0.01,True,False,treated__treated_lag_135,treated_lag,,0.0006143425502585806,0.0006143425502585806,0.00014488732179188704,357
SCM,0.01,True,False,treated__treated_lag_84,treated_lag,,-0.0006038856784084899,0.0006038856784084899,0.00014242115994774501,358
SCM,0.01,True,False,treated__treated_lag_211,treated_lag,,0.0006033953044079166,0.0006033953044079166,0.00014230550952504592,359
SCM,0.01,True,False,treated__treated_lag_189,treated_lag,,-0.0005982829737968052,0.0005982829737968052,0.00014109981102663192,360
SCM,0.01,True,False,treated__treated_lag_41,treated_lag,,0.0005922714758309763,0.0005922714758309763,0.00013968205176535377,361
SCM,0.01,True,False,treated__treated_lag_159,treated_lag,,0.0005759290732483247,0.0005759290732483247,0.0001358278389310831,362
SCM,0.01,True,False,treated__treated_lag_61,treated_lag,,0.0005706796484398718,0.0005706796484398718,0.00013458980796428045,363
SCM,0.01,True,False,treated__treated_lag_109,treated_lag,,0.0005678552316386743,0.0005678552316386743,0.00013392369394405303,364
SCM,0.01,True,False,treated__treated_lag_313,treated_lag,,-0.0005675115536024626,0.0005675115536024626,0.00013384264048258525,365
SCM,0.01,True,False,treated__treated_lag_282,treated_lag,,0.0005507732901769754,0.0005507732901769754,0.00012989506732792556,366
SCM,0.01,True,False,treated__treated_lag_55,treated_lag,,0.0005406662358270228,0.0005406662358270228,0.0001275114068841661,367
SCM,0.01,True,False,treated__treated_lag_291,treated_lag,,0.0005350733666834016,0.0005350733666834016,0.00012619237757224445,368
SCM,0.01,True,False,treated__treated_lag_311,treated_lag,,-0.0005332808899294822,0.0005332808899294822,0.00012576963759413246,369
SCM,0.01,True,False,treated__treated_lag_251,treated_lag,,0.0005327230264409047,0.0005327230264409047,0.0001256380703654724,370
SCM,0.01,True,False,treated__treated_lag_102,treated_lag,,0.0004919887546832957,0.0004919887546832957,0.0001160312483447305,371
SCM,0.01,True,False,treated__treated_lag_79,treated_lag,,-0.0004906559579766574,0.0004906559579766574,0.0001157169198886654,372
SCM,0.01,True,False,treated__treated_lag_71,treated_lag,,0.00048107022344357343,0.00048107022344357343,0.00011345620816794547,373
SCM,0.01,True,False,treated__treated_lag_217,treated_lag,,0.0004763682814649887,0.0004763682814649887,0.00011234729624216197,374
SCM,0.01,True,False,treated__treated_lag_118,treated_lag,,0.00044647500897690727,0.00044647500897690727,0.00010529722916057987,375
SCM,0.01,True,False,treated__treated_lag_197,treated_lag,,0.00042893892736267647,0.00042893892736267647,0.0001011614975581694,376
SCM,0.01,True,False,treated__treated_lag_252,treated_lag,,0.00042449240520588713,0.00042449240520588713,0.00010011282416526454,377
SCM,0.01,True,False,treated__treated_lag_148,treated_lag,,-0.0004223310369741982,0.0004223310369741982,9.96030843558314e-05,378
SCM,0.01,True,False,treated__treated_lag_156,treated_lag,,-0.00041176662666756077,0.00041176662666756077,9.711156050648213e-05,379
SCM,0.01,True,False,treated__treated_lag_171,treated_lag,,0.00039715013259275706,0.00039715013259275706,9.366438811122167e-05,380
SCM,0.01,True,False,treated__treated_lag_164,treated_lag,,-0.0003715227794854227,0.0003715227794854227,8.762040083608696e-05,381
SCM,0.01,True,False,treated__treated_lag_172,treated_lag,,-0.0003714878743939008,0.0003714878743939008,8.76121687752841e-05,382
SCM,0.01,True,False,treated__treated_lag_281,treated_lag,,-0.00036331639801240084,0.00036331639801240084,8.568499748053517e-05,383
SCM,0.01,True,False,treated__treated_lag_187,treated_lag,,-0.00035936441840179914,0.00035936441840179914,8.475295762538397e-05,384
SCM,0.01,True,False,treated__treated_lag_243,treated_lag,,-0.00035474236421404663,0.00035474236421404663,8.366288653693574e-05,385
SCM,0.01,True,False,treated__treated_lag_53,treated_lag,,0.0003421509583541165,0.0003421509583541165,8.069331350008182e-05,386
SCM,0.01,True,False,treated__treated_lag_27,treated_lag,,-0.0003404962065048081,0.0003404962065048081,8.030305473715622e-05,387
SCM,0.01,True,False,treated__treated_lag_256,treated_lag,,0.0003241643345620992,0.0003241643345620992,7.645132546228968e-05,388
SCM,0.01,True,False,treated__treated_lag_75,treated_lag,,0.00031812631230930945,0.00031812631230930945,7.502731067972528e-05,389
SCM,0.01,True,False,treated__treated_lag_107,treated_lag,,0.00031059209520579957,0.00031059209520579957,7.32504314167364e-05,390
SCM,0.01,True,False,treated__treated_lag_304,treated_lag,,-0.0003052891131541829,0.0003052891131541829,7.199976944216572e-05,391
SCM,0.01,True,False,treated__treated_lag_155,treated_lag,,-0.00030002380127146363,0.00030002380127146363,7.075799164773314e-05,392
SCM,0.01,True,False,treated__treated_lag_218,treated_lag,,0.000270639274313841,0.000270639274313841,6.382790775362639e-05,393
SCM,0.01,True,False,treated__treated_lag_12,treated_lag,,-0.00025953084934083074,0.00025953084934083074,6.120808279931038e-05,394
SCM,0.01,True,False,treated__treated_lag_42,treated_lag,,0.00025707788980593323,0.00025707788980593323,6.062957372920677e-05,395
SCM,0.01,True,False,treated__treated_lag_149,treated_lag,,-0.0002540062220188115,0.0002540062220188115,5.990514772465417e-05,396
SCM,0.01,True,False,treated__treated_lag_237,treated_lag,,0.0002538270650164669,0.0002538270650164669,5.986289511128879e-05,397
SCM,0.01,True,False,treated__treated_lag_186,treated_lag,,-0.00024453050534105694,0.00024453050534105694,5.767038275367712e-05,398
SCM,0.01,True,False,treated__treated_lag_62,treated_lag,,0.00024090085798184123,0.00024090085798184123,5.681436214318155e-05,399
SCM,0.01,True,False,treated__treated_lag_87,treated_lag,,-0.00022378264027294323,0.00022378264027294323,5.277718009116717e-05,400
SCM,0.01,True,False,treated__treated_lag_310,treated_lag,,-0.0002094316592147886,0.0002094316592147886,4.9392626620588016e-05,401
SCM,0.01,True,False,treated__treated_lag_260,treated_lag,,-0.0002052932626761539,0.0002052932626761539,4.84166219620417e-05,402
SCM,0.01,True,False,treated__treated_lag_245,treated_lag,,0.0002034405104709069,0.0002034405104709069,4.797966654547604e-05,403
SCM,0.01,True,False,treated__treated_lag_266,treated_lag,,-0.00018925741450532174,0.00018925741450532174,4.463470730684605e-05,404
SCM,0.01,True,False,treated__treated_lag_275,treated_lag,,-0.000187745750778949,0.000187745750778949,4.427819462728006e-05,405
SCM,0.01,True,False,treated__treated_lag_270,treated_lag,,-0.0001862122807059583,0.0001862122807059583,4.3916539111428e-05,406
SCM,0.01,True,False,treated__treated_lag_262,treated_lag,,-0.00018379918960048213,0.00018379918960048213,4.334743266199665e-05,407
SCM,0.01,True,False,treated__treated_lag_292,treated_lag,,0.00018316405387936103,0.00018316405387936103,4.319764145256656e-05,408
SCM,0.01,True,False,treated__treated_lag_216,treated_lag,,0.00017906550888921067,0.00017906550888921067,4.2231035433471034e-05,409
SCM,0.01,True,False,treated__treated_lag_58,treated_lag,,-0.0001761689934144505,0.0001761689934144505,4.154791757114794e-05,410
SCM,0.01,True,False,treated__treated_lag_265,treated_lag,,0.0001750072569781675,0.0001750072569781675,4.127393218496519e-05,411
SCM,0.01,True,False,treated__treated_lag_267,treated_lag,,-0.00016163402766241372,0.00016163402766241372,3.811997291834307e-05,412
SCM,0.01,True,False,treated__treated_lag_238,treated_lag,,-0.0001439156770455766,0.0001439156770455766,3.3941254764501005e-05,413
SCM,0.01,True,False,treated__treated_lag_241,treated_lag,,0.00013471602757139764,0.00013471602757139764,3.1771597830959776e-05,414
SCM,0.01,True,False,treated__treated_lag_196,treated_lag,,-0.0001290555338521553,0.0001290555338521553,3.0436619853843226e-05,415
SCM,0.01,True,False,treated__treated_lag_157,treated_lag,,-0.00012846557187230897,0.00012846557187230897,3.029748247652337e-05,416
SCM,0.01,True,False,treated__treated_lag_100,treated_lag,,-0.00011229629195128152,0.00011229629195128152,2.6484099109092714e-05,417
SCM,0.01,True,False,treated__treated_lag_9,treated_lag,,9.985134994582772e-05,9.985134994582772e-05,2.3549068292382045e-05,418
SCM,0.01,True,False,treated__treated_lag_190,treated_lag,,-9.579738519410199e-05,9.579738519410199e-05,2.25929761329361e-05,419
SCM,0.01,True,False,treated__treated_lag_198,treated_lag,,-8.930232113444681e-05,8.930232113444681e-05,2.1061172034271466e-05,420
SCM,0.01,True,False,treated__treated_lag_276,treated_lag,,-8.818294816413923e-05,8.818294816413923e-05,2.0797177701328337e-05,421
SCM,0.01,True,False,treated__treated_lag_303,treated_lag,,-8.182930367818791e-05,8.182930367818791e-05,1.9298726173268287e-05,422
SCM,0.01,True,False,treated__treated_lag_258,treated_lag,,-8.096148474105941e-05,8.096148474105941e-05,1.909405866074143e-05,423
SCM,0.01,True,False,treated__treated_lag_185,treated_lag,,7.843307102198076e-05,7.843307102198076e-05,1.849775438068631e-05,424
SCM,0.01,True,False,treated__treated_lag_294,treated_lag,,-7.6897865459048e-05,7.6897865459048e-05,1.8135689564697716e-05,425
SCM,0.01,True,False,treated__treated_lag_110,treated_lag,,-6.80657732821e-05,6.80657732821e-05,1.6052717807656865e-05,426
SCM,0.01,True,False,treated__treated_lag_242,treated_lag,,5.846049403442121e-05,5.846049403442121e-05,1.3787396636799331e-05,427
SCM,0.01,True,False,treated__treated_lag_19,treated_lag,,5.18133942522701e-05,5.18133942522701e-05,1.2219736241611104e-05,428
SCM,0.01,True,False,treated__treated_lag_333,treated_lag,,3.542260155421856e-05,3.542260155421856e-05,8.354111021500385e-06,429
SCM,0.01,True,False,treated__treated_lag_183,treated_lag,,-3.37936400082472e-05,3.37936400082472e-05,7.969934676237596e-06,430
SCM,0.01,True,False,netconsumption_227__donor_lag_9,donor_lag,netconsumption_227,-3.227796778883241e-05,3.227796778883241e-05,7.612476628617514e-06,431
SCM,0.01,True,False,treated__treated_lag_331,treated_lag,,-3.2036862866849846e-05,3.2036862866849846e-05,7.5556141397630605e-06,432
SCM,0.01,True,False,treated__treated_lag_205,treated_lag,,-1.9847743971942566e-05,1.9847743971942566e-05,4.680916968058674e-06,433
SCM,0.01,True,False,treated__treated_lag_195,treated_lag,,8.69644710388656e-06,8.69644710388656e-06,2.0509810519499135e-06,434
SCM,0.01,True,False,treated__treated_lag_233,treated_lag,,-2.545842500509092e-06,2.545842500509092e-06,6.004147058468725e-07,435
SCM,0.01,True,False,treated__treated_lag_329,treated_lag,,-4.200602005143862e-07,4.200602005143862e-07,9.906752742142886e-08,436
