dataset,kind,model,selection_mode,treated_unit,n_used_current_controls,n_features,lambda,sum_to_one_constraint,positive_weights_constraint,best_epoch,training_scaled_mse,training_scaled_mae,validation_scaled_mse,validation_scaled_mae,test_scaled_mse,test_scaled_mae,test_train_scaled_mse_ratio,pre_scaled_mse,pre_scaled_mae,pre_scaled_mean_gap,pre_gap_trend_scaled_total,post_scaled_mse,post_scaled_mae,post_mean_gap,post_scaled_mean_gap,post_cumulative_gap,post_scaled_cumulative_gap,post_same_sign_gap_share,post_scaled_mse_to_mae_ratio,selection_fit_seconds,selection_total_inference_seconds,selection_total_seconds,test_lag_construction_seconds,test_design_seconds,test_refit_seconds,test_inference_seconds,test_post_inference_seconds_unused,test_stage_total_seconds,pre_lag_construction_seconds,pre_design_seconds,pre_refit_seconds,pre_inference_seconds,post_inference_seconds,pre_post_stage_total_seconds,selected_model_total_seconds,placebo_n,placebo_p_value_abs_scaled_mean_effect,placebo_p_value_post_to_pre_scaled_mse_ratio,jackknife_n,jackknife_cv_abs_scaled_mean_effect,effective_donor_number_without_lags,effective_donor_share_without_lags,effective_donor_number_with_lags,effective_donor_share_with_lags,negative_weight_share_without_lags,negative_weight_share_with_lags,effective_feature_number_all_features,post_to_pre_scaled_mse_ratio,post_to_pre_scaled_mae_ratio,experiment_id,feature_mode,control_group_size,control_group_size_label,repetition,base_random_state,run_random_state,enable_linear_scm,enable_nn_scm,linear_lambda_grid,sum_to_one_grid,positive_weights_constraint_grid,standardize_linear_features,nn_lambda_grid,nn_hidden_units,nn_learning_rate,nn_epochs,nn_batch_size,nn_early_stopping_patience,standardize_nn_features,use_lagged_treated,lagged_treated_steps,use_topk_donor_lags,donor_lag_past_steps,donor_lag_top_k,pre_validation_fraction,pre_test_fraction,use_cross_validation_if_small,min_validation_rows,min_test_rows,cv_folds,enable_placebo_tests,max_placebos,enable_jackknife_tests,max_jackknife_donors,run_save_dir
bess,bess_panel_features,NN-SCM,single_validation_split,netconsumption_1,100,100,0.05,,,355.0,0.029687,0.138954,0.023758,0.124368,0.034064,0.141614,1.147451,0.027218,0.131075,-0.049972,0.03146,0.026093,0.129859,-0.152816,-0.056824,-2411.891809,-896.850026,0.701514,0.200935,,,,0.000253,0.272698,104.442408,0.290272,0.0,105.005674,0.000453,0.451778,116.577553,1.840323,0.87832,119.748434,224.754108,,,,,,,,,,,,,0.958664,0.990719,features=standard_donors__controls=100__rep=0,standard_donors,100.0,100,0,42,42,True,True,"(0.01,)","(True,)","(False,)",False,"(0.05,)","(64, 64)",0.0005,2000,256,10,True,False,0,False,0,0,0.2,0.1,False,3,3,5,False,10,False,10,runtime_RaspberryPi/features=standard_donors__controls=100__rep=0
bess,bess_panel_features,NN-SCM,single_validation_split,netconsumption_1,2,2,0.05,,,884.0,0.127436,0.267341,0.094693,0.236973,0.14574,0.296928,1.143629,0.188831,0.337662,-0.240508,0.069342,0.133091,0.2923,-0.547325,-0.20352,-8638.426572,-3212.156143,0.75727,0.455323,,,,0.000189,0.012709,211.549897,0.265195,0.0,211.828046,0.000396,0.01871,236.45286,1.705525,0.756227,238.933732,450.761778,,,,,,,,,,,,,0.704817,0.865659,features=standard_donors__controls=2__rep=0,standard_donors,2.0,2,0,42,42,True,True,"(0.01,)","(True,)","(False,)",False,"(0.05,)","(64, 64)",0.0005,2000,256,10,True,False,0,False,0,0,0.2,0.1,False,3,3,5,False,10,False,10,runtime_RaspberryPi/features=standard_donors__controls=2__rep=0
bess,bess_panel_features,NN-SCM,single_validation_split,netconsumption_1,50,50,0.05,,,199.0,0.033646,0.138043,0.030268,0.135334,0.044249,0.162885,1.315158,0.032104,0.13486,-0.021481,-0.042362,0.031247,0.136288,-0.12842,-0.047752,-2026.855322,-753.676115,0.671545,0.229269,,,,0.000212,0.139179,54.331055,0.29761,0.0,54.768102,0.000401,0.220882,59.60922,1.826045,0.840292,62.496848,117.26495,,,,,,,,,,,,,0.973304,1.01059,features=standard_donors__controls=50__rep=0,standard_donors,50.0,50,0,42,42,True,True,"(0.01,)","(True,)","(False,)",False,"(0.05,)","(64, 64)",0.0005,2000,256,10,True,False,0,False,0,0,0.2,0.1,False,3,3,5,False,10,False,10,runtime_RaspberryPi/features=standard_donors__controls=50__rep=0
bess,bess_panel_features,NN-SCM,single_validation_split,netconsumption_1,299,299,0.05,,,55.0,0.024178,0.119283,0.019723,0.108239,0.032259,0.136433,1.334245,0.023635,0.120148,-0.031034,0.005185,0.022373,0.118437,-0.102574,-0.038142,-1618.926669,-601.989865,0.671482,0.188901,,,,0.000397,0.817022,21.02767,0.313016,0.0,22.158152,0.000583,1.374914,23.167901,2.129895,1.167206,27.840508,49.99866,,,,,,,,,,,,,0.946599,0.985758,features=standard_donors__controls=all__rep=0,standard_donors,,all,0,42,42,True,True,"(0.01,)","(True,)","(False,)",False,"(0.05,)","(64, 64)",0.0005,2000,256,10,True,False,0,False,0,0,0.2,0.1,False,3,3,5,False,10,False,10,runtime_RaspberryPi/features=standard_donors__controls=all__rep=0
bess,bess_panel_features,NN-SCM,single_validation_split,netconsumption_1,100,536,0.05,,,132.0,0.02581,0.127263,0.020769,0.112943,0.034604,0.145102,1.340738,0.026382,0.127282,-0.01833,0.010254,0.027921,0.131276,-0.027934,-0.01039,-440.875531,-163.993013,0.549642,0.212689,,,,0.001265,6.839162,56.557039,0.340117,0.0,63.73763,0.001412,8.433276,63.845719,2.39255,1302.82456,1377.497527,1441.235157,,,,,,,,,,,,,1.058339,1.031381,features=treated_and_donor_lags__controls=100__rep=0,treated_and_donor_lags,100.0,100,0,42,42,True,True,"(0.01,)","(True,)","(False,)",False,"(0.05,)","(64, 64)",0.0005,2000,256,10,True,True,336,True,24,1,0.2,0.1,False,3,3,5,False,10,False,10,runtime_RaspberryPi/features=treated_and_donor_lags__controls=100__rep=0
bess,bess_panel_features,NN-SCM,single_validation_split,netconsumption_1,2,340,0.05,,,335.0,0.080797,0.20234,0.065194,0.183082,0.089266,0.214077,1.104817,0.122902,0.263174,-0.192991,0.071683,0.23074,0.374472,-0.880696,-0.327594,-13900.029551,-5170.411072,0.85326,0.616174,,,,0.000411,1.17341,127.08165,0.319634,0.0,128.575152,0.000558,1.833387,140.791456,2.178857,1157.860968,1302.665237,1431.240389,,,,,,,,,,,,,1.877431,1.422906,features=treated_and_donor_lags__controls=2__rep=0,treated_and_donor_lags,2.0,2,0,42,42,True,True,"(0.01,)","(True,)","(False,)",False,"(0.05,)","(64, 64)",0.0005,2000,256,10,True,True,336,True,24,1,0.2,0.1,False,3,3,5,False,10,False,10,runtime_RaspberryPi/features=treated_and_donor_lags__controls=2__rep=0
bess,bess_panel_features,NN-SCM,single_validation_split,netconsumption_1,50,436,0.05,,,103.0,0.031635,0.134713,0.024815,0.119164,0.038011,0.151872,1.20156,0.03336,0.14094,-0.029111,0.002199,0.035971,0.148446,-0.097455,-0.03625,-1538.133364,-572.141357,0.594754,0.242321,,,,0.0008,3.993087,41.400603,0.317432,0.0,45.711965,0.000984,5.063057,45.927088,2.227113,1219.550196,1272.768447,1318.480411,,,,,,,,,,,,,1.078266,1.053252,features=treated_and_donor_lags__controls=50__rep=0,treated_and_donor_lags,50.0,50,0,42,42,True,True,"(0.01,)","(True,)","(False,)",False,"(0.05,)","(64, 64)",0.0005,2000,256,10,True,True,336,True,24,1,0.2,0.1,False,3,3,5,False,10,False,10,runtime_RaspberryPi/features=treated_and_donor_lags__controls=50__rep=0
bess,bess_panel_features,NN-SCM,single_validation_split,netconsumption_1,299,934,0.05,,,515.0,0.024205,0.121019,0.02083,0.112703,0.032258,0.134212,1.3327,0.025754,0.12488,-0.042138,0.008659,0.025989,0.126086,-0.10788,-0.040128,-1702.663522,-633.341842,0.645188,0.206121,,,,0.002607,18.990091,288.688193,0.360003,0.0,308.040939,0.002801,22.985526,319.792817,2.969316,1564.480689,1910.23116,2218.2721,,,,,,,,,,,,,1.009146,1.009658,features=treated_and_donor_lags__controls=all__rep=0,treated_and_donor_lags,,all,0,42,42,True,True,"(0.01,)","(True,)","(False,)",False,"(0.05,)","(64, 64)",0.0005,2000,256,10,True,True,336,True,24,1,0.2,0.1,False,3,3,5,False,10,False,10,runtime_RaspberryPi/features=treated_and_donor_lags__controls=all__rep=0
bess,bess_panel_features,NN-SCM,single_validation_split,netconsumption_1,100,436,0.05,,,235.0,0.027202,0.131072,0.022038,0.116638,0.034346,0.144388,1.262635,0.027337,0.129195,-0.028573,0.009695,0.029297,0.13426,-0.074614,-0.027754,-1177.632457,-438.045392,0.584933,0.218214,,,,0.000484,1.352335,96.446558,0.31875,0.0,98.118172,0.000575,2.231074,106.516092,2.243845,1219.79009,1330.781686,1428.899858,,,,,,,,,,,,,1.071713,1.039205,features=treated_lags__controls=100__rep=0,treated_lags,100.0,100,0,42,42,True,True,"(0.01,)","(True,)","(False,)",False,"(0.05,)","(64, 64)",0.0005,2000,256,10,True,True,336,False,0,0,0.2,0.1,False,3,3,5,False,10,False,10,runtime_RaspberryPi/features=treated_lags__controls=100__rep=0
bess,bess_panel_features,NN-SCM,single_validation_split,netconsumption_1,2,338,0.05,,,483.0,0.081205,0.202962,0.064331,0.181483,0.097889,0.22611,1.205453,0.131897,0.274028,-0.21319,0.089137,0.243459,0.381934,-0.914486,-0.340163,-14433.333408,-5368.784764,0.864411,0.637439,,,,0.000309,1.016592,181.153007,0.307501,0.0,182.477455,0.000505,1.689417,201.907068,2.108806,1131.238294,1336.944102,1519.421557,,,,,,,,,,,,,1.845835,1.393777,features=treated_lags__controls=2__rep=0,treated_lags,2.0,2,0,42,42,True,True,"(0.01,)","(True,)","(False,)",False,"(0.05,)","(64, 64)",0.0005,2000,256,10,True,True,336,False,0,0,0.2,0.1,False,3,3,5,False,10,False,10,runtime_RaspberryPi/features=treated_lags__controls=2__rep=0
bess,bess_panel_features,NN-SCM,single_validation_split,netconsumption_1,50,386,0.05,,,175.0,0.032028,0.134676,0.025172,0.119138,0.038933,0.153751,1.215585,0.033169,0.139717,-0.029744,-0.004196,0.036224,0.148909,-0.097635,-0.036317,-1540.976444,-573.198901,0.589939,0.243263,,,,0.000438,1.202953,69.064479,0.320244,0.0,70.588159,0.000541,1.99209,76.520238,2.202316,1193.603716,1274.318911,1344.90707,,,,,,,,,,,,,1.092118,1.065786,features=treated_lags__controls=50__rep=0,treated_lags,50.0,50,0,42,42,True,True,"(0.01,)","(True,)","(False,)",False,"(0.05,)","(64, 64)",0.0005,2000,256,10,True,True,336,False,0,0,0.2,0.1,False,3,3,5,False,10,False,10,runtime_RaspberryPi/features=treated_lags__controls=50__rep=0
bess,bess_panel_features,NN-SCM,single_validation_split,netconsumption_1,299,635,0.05,,,68.0,0.025521,0.125768,0.021909,0.116918,0.032571,0.139326,1.276261,0.025589,0.124969,-0.04518,0.005144,0.026115,0.126342,-0.128146,-0.047667,-2022.525505,-752.321297,0.656212,0.206703,,,,0.000575,1.871976,41.888451,0.356276,0.0,44.117323,0.000703,3.056496,35.5816,2.45883,1359.909603,1401.007241,1445.124564,,,,,,,,,,,,,1.020569,1.010988,features=treated_lags__controls=all__rep=0,treated_lags,,all,0,42,42,True,True,"(0.01,)","(True,)","(False,)",False,"(0.05,)","(64, 64)",0.0005,2000,256,10,True,True,336,False,0,0,0.2,0.1,False,3,3,5,False,10,False,10,runtime_RaspberryPi/features=treated_lags__controls=all__rep=0
bess,bess_panel_features,SCM,single_validation_split,netconsumption_1,100,100,0.01,True,False,,0.024416,0.117148,0.020317,0.104917,0.033448,0.138314,1.369931,0.024414,0.116951,0.013743,-0.001167,0.022749,0.11436,0.024351,0.009055,384.326917,142.910061,0.433885,0.198924,,,,0.00026,0.205653,0.029877,0.000342,0.0,0.23618,0.000426,0.335786,0.03038,0.004642,0.073113,0.444356,0.680535,,,,,,60.624921,0.606249,60.624921,0.606249,0.357315,0.357315,60.624921,0.93181,0.977846,features=standard_donors__controls=100__rep=0,standard_donors,100.0,100,0,42,42,True,True,"(0.01,)","(True,)","(False,)",False,"(0.05,)","(64, 64)",0.0005,2000,256,10,True,False,0,False,0,0,0.2,0.1,False,3,3,5,False,10,False,10,runtime_RaspberryPi/features=standard_donors__controls=100__rep=0
bess,bess_panel_features,SCM,single_validation_split,netconsumption_1,2,2,0.01,True,False,,0.463133,0.569666,0.455637,0.577802,0.452381,0.551644,0.976784,0.456774,0.566532,0.032434,0.071836,0.442489,0.573424,0.13498,0.050192,2130.38629,792.173592,0.534119,0.771662,,,,0.000221,0.010573,0.001121,3.5e-05,0.0,0.011975,0.000219,0.014981,0.001224,0.001061,0.004118,0.021614,0.033589,,,,,,1.880937,0.940468,1.880937,0.940468,0.374203,0.374203,1.880937,0.968727,1.012165,features=standard_donors__controls=2__rep=0,standard_donors,2.0,2,0,42,42,True,True,"(0.01,)","(True,)","(False,)",False,"(0.05,)","(64, 64)",0.0005,2000,256,10,True,False,0,False,0,0,0.2,0.1,False,3,3,5,False,10,False,10,runtime_RaspberryPi/features=standard_donors__controls=2__rep=0
bess,bess_panel_features,SCM,single_validation_split,netconsumption_1,50,50,0.01,True,False,,0.033201,0.130744,0.026508,0.117354,0.041951,0.147073,1.263546,0.032683,0.129469,0.018748,-0.026985,0.02959,0.126268,-0.009425,-0.003505,-148.761675,-55.316292,0.583096,0.234343,,,,0.000231,0.104991,0.012895,0.000199,0.0,0.118358,0.000372,0.174173,0.01446,0.002291,0.040352,0.231657,0.350014,,,,,,30.076653,0.601533,30.076653,0.601533,0.343509,0.343509,30.076653,0.90536,0.975274,features=standard_donors__controls=50__rep=0,standard_donors,50.0,50,0,42,42,True,True,"(0.01,)","(True,)","(False,)",False,"(0.05,)","(64, 64)",0.0005,2000,256,10,True,False,0,False,0,0,0.2,0.1,False,3,3,5,False,10,False,10,runtime_RaspberryPi/features=standard_donors__controls=50__rep=0
bess,bess_panel_features,SCM,single_validation_split,netconsumption_1,299,299,0.01,True,False,,0.019452,0.103832,0.016454,0.094268,0.031034,0.127139,1.595431,0.019745,0.104238,0.004572,0.001099,0.017985,0.099096,0.001851,0.000688,29.213843,10.863023,0.434138,0.18149,,,,0.000382,0.59113,0.156567,0.001011,0.0,0.749141,0.000498,0.97842,0.167717,0.013538,0.219617,1.379799,2.12894,,,,,,164.300338,0.549499,164.300338,0.549499,0.392048,0.392048,164.300338,0.910855,0.950669,features=standard_donors__controls=all__rep=0,standard_donors,,all,0,42,42,True,True,"(0.01,)","(True,)","(False,)",False,"(0.05,)","(64, 64)",0.0005,2000,256,10,True,False,0,False,0,0,0.2,0.1,False,3,3,5,False,10,False,10,runtime_RaspberryPi/features=standard_donors__controls=all__rep=0
bess,bess_panel_features,SCM,single_validation_split,netconsumption_1,100,536,0.01,True,False,,0.017948,0.101097,0.015689,0.093017,0.026786,0.124625,1.492474,0.018273,0.101653,0.00464,-0.00683,0.019203,0.104702,0.008846,0.00329,139.614035,51.932404,0.461763,0.183411,,,,0.001279,6.658945,0.545452,0.001795,0.0,7.207524,0.001224,8.048632,0.564764,0.024157,212.576331,221.215116,228.422641,,,,,,44.630515,0.446305,56.268609,0.562686,0.263761,0.404059,98.076252,1.050936,1.029993,features=treated_and_donor_lags__controls=100__rep=0,treated_and_donor_lags,100.0,100,0,42,42,True,True,"(0.01,)","(True,)","(False,)",False,"(0.05,)","(64, 64)",0.0005,2000,256,10,True,True,336,True,24,1,0.2,0.1,False,3,3,5,False,10,False,10,runtime_RaspberryPi/features=treated_and_donor_lags__controls=100__rep=0
bess,bess_panel_features,SCM,single_validation_split,netconsumption_1,2,340,0.01,True,False,,0.176354,0.328506,0.155943,0.313714,0.245418,0.403321,1.39162,0.174551,0.328219,0.032512,0.08619,0.160861,0.323075,0.032367,0.01204,510.845587,190.019861,0.511563,0.497907,,,,0.000351,0.95493,0.19529,0.00112,0.0,1.151744,0.000475,1.495378,0.206169,0.014814,77.361799,79.078642,80.230386,,,,,,1.518289,0.759145,1.530094,0.765047,0.0,0.250141,6.075171,0.921572,0.984327,features=treated_and_donor_lags__controls=2__rep=0,treated_and_donor_lags,2.0,2,0,42,42,True,True,"(0.01,)","(True,)","(False,)",False,"(0.05,)","(64, 64)",0.0005,2000,256,10,True,True,336,True,24,1,0.2,0.1,False,3,3,5,False,10,False,10,runtime_RaspberryPi/features=treated_and_donor_lags__controls=2__rep=0
bess,bess_panel_features,SCM,single_validation_split,netconsumption_1,50,436,0.01,True,False,,0.025514,0.115233,0.022185,0.107281,0.035599,0.134892,1.395253,0.025747,0.11561,0.006034,-0.006448,0.026294,0.120486,-0.02624,-0.00976,-414.142277,-154.049012,0.565228,0.21823,,,,0.00083,3.786589,0.339456,0.001441,0.0,4.128372,0.000824,4.865365,0.359821,0.018869,143.328285,148.573173,152.701545,,,,,,27.964805,0.559296,33.835172,0.676703,0.178349,0.377102,65.756182,1.021211,1.042176,features=treated_and_donor_lags__controls=50__rep=0,treated_and_donor_lags,50.0,50,0,42,42,True,True,"(0.01,)","(True,)","(False,)",False,"(0.05,)","(64, 64)",0.0005,2000,256,10,True,True,336,True,24,1,0.2,0.1,False,3,3,5,False,10,False,10,runtime_RaspberryPi/features=treated_and_donor_lags__controls=50__rep=0
bess,bess_panel_features,SCM,single_validation_split,netconsumption_1,299,934,0.01,True,False,,0.015032,0.09101,0.013884,0.085612,0.024647,0.11792,1.639666,0.015535,0.092404,0.001361,-0.000978,0.017235,0.096722,0.009042,0.003364,142.71654,53.086447,0.470443,0.178187,,,,0.002809,18.127734,2.130878,0.003219,0.0,20.264694,0.002697,22.038444,2.198875,0.041832,476.246283,500.52814,520.792834,,,,,,136.271079,0.455756,180.96048,0.605219,0.33599,0.451066,261.037432,1.10938,1.046733,features=treated_and_donor_lags__controls=all__rep=0,treated_and_donor_lags,,all,0,42,42,True,True,"(0.01,)","(True,)","(False,)",False,"(0.05,)","(64, 64)",0.0005,2000,256,10,True,True,336,True,24,1,0.2,0.1,False,3,3,5,False,10,False,10,runtime_RaspberryPi/features=treated_and_donor_lags__controls=all__rep=0
bess,bess_panel_features,SCM,single_validation_split,netconsumption_1,100,436,0.01,True,False,,0.020593,0.10883,0.016927,0.098109,0.02954,0.131324,1.434451,0.020578,0.108498,0.010127,-0.009172,0.019719,0.106169,0.019697,0.007327,310.874408,115.636336,0.479693,0.185731,,,,0.000403,0.970305,0.340559,0.001441,0.0,1.312759,0.000565,1.69981,0.361693,0.020612,142.515107,144.597796,145.910555,,,,,,46.354176,0.463542,46.354176,0.463542,0.325806,0.325806,69.715378,0.958267,0.978534,features=treated_lags__controls=100__rep=0,treated_lags,100.0,100,0,42,42,True,True,"(0.01,)","(True,)","(False,)",False,"(0.05,)","(64, 64)",0.0005,2000,256,10,True,True,336,False,0,0,0.2,0.1,False,3,3,5,False,10,False,10,runtime_RaspberryPi/features=treated_lags__controls=100__rep=0
bess,bess_panel_features,SCM,single_validation_split,netconsumption_1,2,338,0.01,True,False,,0.201586,0.351785,0.170127,0.329595,0.328513,0.478599,1.629645,0.206728,0.358912,0.046348,0.121321,0.171667,0.337778,0.03275,0.012182,516.887442,192.267257,0.511943,0.508225,,,,0.000324,0.782806,0.192207,0.001099,0.0,0.97649,0.000453,1.335186,0.204427,0.014589,72.695163,74.249832,75.226322,,,,,,1.492205,0.746103,1.492205,0.746103,0.0,0.0,5.850109,0.830402,0.941118,features=treated_lags__controls=2__rep=0,treated_lags,2.0,2,0,42,42,True,True,"(0.01,)","(True,)","(False,)",False,"(0.05,)","(64, 64)",0.0005,2000,256,10,True,True,336,False,0,0,0.2,0.1,False,3,3,5,False,10,False,10,runtime_RaspberryPi/features=treated_lags__controls=2__rep=0
bess,bess_panel_features,SCM,single_validation_split,netconsumption_1,50,386,0.01,True,False,,0.028721,0.12311,0.023888,0.112533,0.03918,0.141369,1.364154,0.028493,0.122033,0.012897,-0.010597,0.02732,0.122708,-0.022025,-0.008193,-347.622358,-129.305516,0.561427,0.222645,,,,0.000371,0.921718,0.257037,0.001428,0.0,1.180608,0.000485,1.545974,0.268025,0.016779,108.427504,110.258775,111.439383,,,,,,27.841301,0.556826,27.841301,0.556826,0.272279,0.272279,43.767057,0.95885,1.005532,features=treated_lags__controls=50__rep=0,treated_lags,50.0,50,0,42,42,True,True,"(0.01,)","(True,)","(False,)",False,"(0.05,)","(64, 64)",0.0005,2000,256,10,True,True,336,False,0,0,0.2,0.1,False,3,3,5,False,10,False,10,runtime_RaspberryPi/features=treated_lags__controls=50__rep=0
bess,bess_panel_features,SCM,single_validation_split,netconsumption_1,299,635,0.01,True,False,,0.017474,0.098756,0.015031,0.090285,0.028179,0.123419,1.612625,0.017788,0.099322,0.00434,0.001028,0.017867,0.098687,0.027349,0.010173,431.652523,160.562319,0.501996,0.181045,,,,0.000562,1.41042,0.832787,0.002064,0.0,2.245889,0.000605,2.380886,0.857139,0.027846,276.255785,279.522269,281.768158,,,,,,148.135846,0.495438,148.135846,0.495438,0.413857,0.413857,190.050176,1.004409,0.993612,features=treated_lags__controls=all__rep=0,treated_lags,,all,0,42,42,True,True,"(0.01,)","(True,)","(False,)",False,"(0.05,)","(64, 64)",0.0005,2000,256,10,True,True,336,False,0,0,0.2,0.1,False,3,3,5,False,10,False,10,runtime_RaspberryPi/features=treated_lags__controls=all__rep=0
