dataset,kind,model,selection_mode,treated_unit,n_all_controls,n_used_current_controls,requested_control_group_size,effective_control_group_size,n_features,n_effective_pre,n_dropped_initial_pre,n_training,n_validation,n_test,n_post,lambda,sum_to_one_constraint,positive_weights_constraint,standardize_features,metric_scale,best_epoch,test_lag_construction_seconds,test_design_seconds,test_refit_seconds,test_inference_seconds,test_post_inference_seconds_unused,test_stage_total_seconds,pre_lag_construction_seconds,pre_design_seconds,pre_refit_seconds,pre_inference_seconds,post_inference_seconds,pre_post_stage_total_seconds,selected_model_total_seconds,training_mse,training_mae,training_rmse,training_sum_squared_error,training_sum_absolute_error,training_root_sum_squared_error,training_mean_gap,training_abs_mean_gap,training_cumulative_gap,training_abs_cumulative_gap,training_same_sign_gap_share,training_effect_direction,training_scaled_mse,training_scaled_mae,training_scaled_rmse,training_scaled_sum_squared_error,training_scaled_sum_absolute_error,training_scaled_root_sum_squared_error,training_scaled_mean_gap,training_abs_scaled_mean_gap,training_scaled_cumulative_gap,training_abs_scaled_cumulative_gap,training_scaled_mse_to_mae_ratio,training_scaled_rmse_to_mae_ratio,validation_mse,validation_mae,validation_rmse,validation_sum_squared_error,validation_sum_absolute_error,validation_root_sum_squared_error,validation_mean_gap,validation_abs_mean_gap,validation_cumulative_gap,validation_abs_cumulative_gap,validation_same_sign_gap_share,validation_effect_direction,validation_scaled_mse,validation_scaled_mae,validation_scaled_rmse,validation_scaled_sum_squared_error,validation_scaled_sum_absolute_error,validation_scaled_root_sum_squared_error,validation_scaled_mean_gap,validation_abs_scaled_mean_gap,validation_scaled_cumulative_gap,validation_abs_scaled_cumulative_gap,validation_scaled_mse_to_mae_ratio,validation_scaled_rmse_to_mae_ratio,test_mse,test_mae,test_rmse,test_sum_squared_error,test_sum_absolute_error,test_root_sum_squared_error,test_mean_gap,test_abs_mean_gap,test_cumulative_gap,test_abs_cumulative_gap,test_same_sign_gap_share,test_effect_direction,test_scaled_mse,test_scaled_mae,test_scaled_rmse,test_scaled_sum_squared_error,test_scaled_sum_absolute_error,test_scaled_root_sum_squared_error,test_scaled_mean_gap,test_abs_scaled_mean_gap,test_scaled_cumulative_gap,test_abs_scaled_cumulative_gap,test_scaled_mse_to_mae_ratio,test_scaled_rmse_to_mae_ratio,test_train_mse_ratio,test_train_mae_ratio,test_train_scaled_mse_ratio,test_train_scaled_mae_ratio,pre_mse,pre_mae,pre_rmse,pre_sum_squared_error,pre_sum_absolute_error,pre_root_sum_squared_error,pre_mean_gap,pre_abs_mean_gap,pre_cumulative_gap,pre_abs_cumulative_gap,pre_same_sign_gap_share,pre_effect_direction,pre_scaled_mse,pre_scaled_mae,pre_scaled_rmse,pre_scaled_sum_squared_error,pre_scaled_sum_absolute_error,pre_scaled_root_sum_squared_error,pre_scaled_mean_gap,pre_abs_scaled_mean_gap,pre_scaled_cumulative_gap,pre_abs_scaled_cumulative_gap,pre_scaled_mse_to_mae_ratio,pre_scaled_rmse_to_mae_ratio,pre_gap_trend_seasonal_period,pre_gap_trend_scaled_per_step,pre_gap_trend_scaled_total,post_mse,post_mae,post_rmse,post_sum_squared_error,post_sum_absolute_error,post_root_sum_squared_error,post_mean_gap,post_abs_mean_gap,post_cumulative_gap,post_abs_cumulative_gap,post_same_sign_gap_share,post_effect_direction,post_scaled_mse,post_scaled_mae,post_scaled_rmse,post_scaled_sum_squared_error,post_scaled_sum_absolute_error,post_scaled_root_sum_squared_error,post_scaled_mean_gap,post_abs_scaled_mean_gap,post_scaled_cumulative_gap,post_abs_scaled_cumulative_gap,post_scaled_mse_to_mae_ratio,post_scaled_rmse_to_mae_ratio,post_to_pre_mse_ratio,post_to_pre_mae_ratio,post_to_pre_rmse_ratio,post_to_pre_sum_squared_error_ratio,post_to_pre_sum_absolute_error_ratio,post_to_pre_root_sum_squared_error_ratio,post_to_pre_scaled_mse_ratio,post_to_pre_scaled_mae_ratio,post_to_pre_scaled_rmse_ratio,post_to_pre_scaled_sum_squared_error_ratio,post_to_pre_scaled_sum_absolute_error_ratio,post_to_pre_scaled_root_sum_squared_error_ratio,post_to_test_mse_ratio,post_to_test_mae_ratio,post_to_test_rmse_ratio,post_to_test_sum_squared_error_ratio,post_to_test_sum_absolute_error_ratio,post_to_test_root_sum_squared_error_ratio,post_to_test_scaled_mse_ratio,post_to_test_scaled_mae_ratio,post_to_test_scaled_rmse_ratio,post_to_test_scaled_sum_squared_error_ratio,post_to_test_scaled_sum_absolute_error_ratio,post_to_test_scaled_root_sum_squared_error_ratio,weight_sum,min_weight,max_weight,n_active_weights,effective_donor_number_without_lags,effective_donor_share_without_lags,negative_weight_share_without_lags,top_donor_abs_weight_share_without_lags,effective_donor_number_with_lags,effective_donor_share_with_lags,negative_weight_share_with_lags,top_donor_abs_weight_share_with_lags,effective_feature_number_all_features,negative_weight_share_all_features,effective_donor_number,effective_donor_share,experiment_id,feature_mode,control_group_size,control_group_size_label,repetition,base_random_state,run_random_state,enable_linear_scm,enable_nn_scm,linear_lambda_grid,sum_to_one_grid,positive_weights_constraint_grid,standardize_linear_features,nn_lambda_grid,nn_hidden_units,nn_learning_rate,nn_epochs,nn_batch_size,nn_early_stopping_patience,standardize_nn_features,use_lagged_treated,lagged_treated_steps,use_topk_donor_lags,donor_lag_past_steps,donor_lag_top_k,pre_validation_fraction,pre_test_fraction,use_cross_validation_if_small,min_validation_rows,min_test_rows,cv_folds,enable_placebo_tests,max_placebos,enable_jackknife_tests,max_jackknife_donors,run_save_dir
bess,bess_panel_features,NN-SCM,single_validation_split,netconsumption_1,299,100,100.0,100,100,36825,0,25778,7365,3682,15783,0.05,,,True,2.68929223423903,355.0,0.00025257400011469144,0.27269804299976386,104.44240845700006,0.2902716730004613,0.0,105.00567411699922,0.0004525379990809597,0.4517784790004953,116.57755275199997,1.840322740999909,0.8783197360007762,119.74843411700022,224.75410823399943,0.21470174867246097,0.3736883966169139,0.4633592004832331,5534.581677278699,9632.939487990807,74.39476915266758,-0.1791298363177329,0.1791298363177329,-4617.608920598519,4617.608920598519,0.7179765691675072,negative,0.029686540209432673,0.13895417978725316,0.1722978241575693,765.2596335187554,3581.960846555812,27.663326508551993,-0.066608542588686,0.066608542588686,-1717.0350108511475,1717.0350108511475,0.21364265727655313,1.239961434923132,0.17182198419748285,0.3344610812880184,0.41451415439944006,1265.4689136144611,2463.305863686255,35.573429882630954,-0.1588497534764612,0.1588497534764612,-1169.9284343541367,1169.9284343541367,0.7169042769857433,negative,0.023757609215026117,0.12436769683479877,0.15413503565064665,174.97479186866735,915.968087188293,13.227803743201944,-0.05906749421057612,0.05906749421057612,-435.0320948608931,435.0320948608931,0.19102717039605582,1.239349441803917,0.24635964794690135,0.3808410427741322,0.4963462984116043,907.0962237404908,1402.256719494355,30.118038178813887,0.00910535221030968,0.00910535221030968,33.52590683836024,33.52590683836024,0.44269418794133625,positive,0.034063838045001675,0.14161385584110614,0.18456391317102505,125.42305168169617,521.4222172069528,11.199243353088464,0.003385780129947893,0.003385780129947893,12.46644243846814,12.46644243846814,0.24054029065645985,1.3032899363894859,1.1474505888759023,1.019140669664814,1.1474505888759023,1.019140669664814,0.19684983172707288,0.3524991722339802,0.4436776213953921,7248.995053349458,12980.782017516322,85.14103037519254,-0.1343884480262342,0.1343884480262342,-4948.854598566075,4948.854598566075,0.6822810590631364,negative,0.0272181781514077,0.13107507162892038,0.1649793264363984,1002.3094104255886,4826.839512734993,31.659270528955474,-0.049971678910626524,0.049971678910626524,-1840.2070758838217,1840.2070758838217,0.2076533532513614,1.2586628745354613,48,8.543444463618782e-07,0.0314603798928298,0.18871283625786722,0.3492275191000643,0.4344109071580354,2978.4546946579185,5511.857933956315,54.575220518637565,-0.1528158023926545,0.1528158023926545,-2411.891809163266,2411.891809163266,0.7015142875245517,negative,0.026093086042590943,0.12985852361221084,0.16153354463575342,411.82717701021284,2049.5570781715237,20.293525494852116,-0.05682379938002376,0.05682379938002376,-896.8500256149149,896.8500256149149,0.20093471969934948,1.2439194605209891,0.9586639450091713,0.990718692718676,0.9791138570203015,0.4108782904027088,0.42461678553099425,0.6409978864260855,0.9586639450091714,0.9907186927186762,0.9791138570203015,0.4108782904027088,0.4246167855309943,0.6409978864260855,0.7660054632751426,0.9169902396974131,0.8752173805833283,3.2835046786723456,3.9307053104682974,1.812044336839567,0.7660054632751429,0.9169902396974132,0.8752173805833284,3.283504678672346,3.930705310468298,1.8120443368395671,,,,,,,,,,,,,,,,,features=standard_donors__controls=100__rep=0,standard_donors,100.0,100,0,42,42,True,True,"(0.01,)","(True,)","(False,)",False,"(0.05,)","(64, 64)",0.0005,2000,256,10,True,False,0,False,0,0,0.2,0.1,False,3,3,5,False,10,False,10,runtime_RaspberryPi/features=standard_donors__controls=100__rep=0
bess,bess_panel_features,NN-SCM,single_validation_split,netconsumption_1,299,2,2.0,2,2,36825,0,25778,7365,3682,15783,0.05,,,True,2.68929223423903,884.0,0.0001890740004455438,0.012708989999737241,211.54989685300006,0.26519542199912394,0.0,211.82804602499982,0.00039550099972984754,0.018709539999690605,236.4528597819999,1.7055254340002648,0.7562272220002342,238.93373186900044,450.76177789400026,0.9216549621974693,0.7189570005202566,0.960028625717728,23758.421615526364,18533.273559411173,154.1376709812574,-0.05737048774486703,0.05737048774486703,-1478.8964330871822,1478.8964330871822,0.5413918845527194,negative,0.12743607010038194,0.26734060038800306,0.356981890437571,3285.0470150476453,6891.505996801943,57.31532966883856,-0.021332931770838493,0.021332931770838493,-549.9203151886746,549.9203151886746,0.47668057120926793,1.3353074314917661,0.6848499603544901,0.6372884603977381,0.8275566206335915,5043.91995801082,4693.629510829342,71.02056010769572,-0.08058995344084596,0.08058995344084596,-593.5450070918305,593.5450070918305,0.5907671418873048,negative,0.09469334093085431,0.2369725581638275,0.3077228313447904,697.416455955742,1745.3028908765896,26.408643584170353,-0.029966975107727528,0.029966975107727528,-220.70677166841324,220.70677166841324,0.3995962303170541,1.2985589290556196,1.0540309170653883,0.798526551975662,1.0266600786362488,3880.94183663476,2940.1747643743875,62.297205688816895,0.5842761585163825,0.5842761585163825,2151.3048156573204,2151.3048156573204,0.7914177077675176,positive,0.14573952655216715,0.2969281440704473,0.3817584662481857,536.6129367650794,1093.289426467387,23.164907441323383,0.21726019622471823,0.21726019622471823,799.9520424994125,799.9520424994125,0.49082422620602073,1.2856931007443069,1.143628538116151,1.1106735888207873,1.143628538116151,1.1106735888207873,1.3656792558582134,0.9080724779831357,1.1686228030712962,50291.13859697871,33439.76900172897,224.25685852829275,-0.6467975165284519,0.6467975165284519,-23818.31854616024,23818.31854616024,0.7651595383570944,negative,0.1888307495998665,0.3376622541878892,0.4345466023338193,6953.692354015084,12434.41251046902,83.38880232989969,-0.24050845359744688,0.24050845359744688,-8856.723803725981,8856.723803725981,0.5592296659098689,1.2869267942872278,48,1.8830678683003686e-06,0.06934209118229277,0.9625538359158194,0.7860813985120534,0.9810982804570699,15191.987192259377,12406.722712715738,123.25577954911233,-0.5473247526949371,0.5473247526949371,-8638.426571784192,8638.426571784192,0.7572704808971679,negative,0.13309110582630218,0.292300475383065,0.36481653721603985,2100.576923256527,4613.378402970914,45.83205126607937,-0.20351999895236736,0.20351999895236736,-3212.156143465214,3212.156143465214,0.45532291951247744,1.248087389313826,0.7048169120141875,0.8656593141749772,0.8395337467988928,0.3020807962612334,0.3710169981160534,0.5496187735705845,0.7048169120141875,0.8656593141749772,0.8395337467988929,0.3020807962612334,0.3710169981160533,0.5496187735705845,0.9132121461823364,0.9844148532909549,0.955621340376164,3.914510402823415,4.219722876016062,1.978512168985426,0.9132121461823365,0.9844148532909551,0.9556213403761642,3.9145104028234154,4.219722876016062,1.9785121689854264,,,,,,,,,,,,,,,,,features=standard_donors__controls=2__rep=0,standard_donors,2.0,2,0,42,42,True,True,"(0.01,)","(True,)","(False,)",False,"(0.05,)","(64, 64)",0.0005,2000,256,10,True,False,0,False,0,0,0.2,0.1,False,3,3,5,False,10,False,10,runtime_RaspberryPi/features=standard_donors__controls=2__rep=0
bess,bess_panel_features,NN-SCM,single_validation_split,netconsumption_1,299,50,50.0,50,50,36825,0,25778,7365,3682,15783,0.05,,,True,2.68929223423903,199.0,0.00021164899953873828,0.13917926200156217,54.33105516999967,0.2976101080002991,0.0,54.768102169000485,0.0004008710002381122,0.22088230999906955,59.60922035399926,1.826044808000006,0.8402924980000535,62.4968480259995,117.26495019499998,0.24333412730879386,0.3712383455698738,0.49328909100931256,6272.667133766088,9569.782072100206,79.20017129884309,-0.05476635826048401,0.05476635826048401,-1411.7671832387568,1411.7671832387568,0.6057878811389557,negative,0.033645503119305906,0.13804314043799723,0.18342710573769053,867.3137794094677,3558.4760742106923,29.450191500387017,-0.020364599117648836,0.020364599117648836,-524.9586360547517,524.9586360547517,0.24373180016444174,1.3287665374439792,0.2189069123092256,0.3639521982100522,0.46787488959039636,1612.2494091574465,2680.5079398170346,40.152825668406535,-0.1673576910365961,0.1673576910365961,-1232.5893944845302,1232.5893944845302,0.7208418194161575,negative,0.030267982885898728,0.13533382262305055,0.1739769607904987,222.92369395464414,996.7336036187673,14.93062938909958,-0.062231128661237554,0.062231128661237554,-458.3322625900146,458.3322625900146,0.223654237346159,1.2855393974578113,0.3200227494557028,0.4380454085823232,0.565705532459868,1178.3237634958978,1612.883194400114,34.326720838086146,-0.0608687320848892,0.0608687320848892,-224.11867153656203,224.11867153656203,0.5983161325366648,negative,0.04424914225614082,0.16288501599242294,0.21035480088683695,162.9253417871105,599.7426288841012,12.764221158657136,-0.02263373660546519,0.02263373660546519,-83.33741818132283,83.33741818132283,0.27165876484427026,1.291431256614925,1.3151576928195945,1.1799573341754244,1.3151576928195945,1.1799573341754244,0.2321839146263641,0.36267866040983043,0.4818546613101964,8550.172656115858,13355.641669592005,92.46714365717078,-0.05776887602166153,0.05776887602166153,-2127.338859497686,2127.338859497686,0.6101289884589274,negative,0.032103777263846514,0.13486026389856254,0.17917526967705816,1182.221597741148,4966.229218064565,34.383449474145955,-0.021481070478756647,0.021481070478756647,-791.0404203802135,791.0404203802135,0.23805216107239655,1.3285994294941312,48,-1.1503986697591378e-06,-0.04236228061521049,0.2259854987479105,0.36651959658622607,0.4753793209090089,3566.729126738271,5784.778792920406,59.72209914879308,-0.1284201560119387,0.1284201560119387,-2026.8553223364288,2026.8553223364288,0.6715453335867706,negative,0.03124673011193339,0.13628849699554407,0.17676744641458558,493.1671413566447,2151.041348080672,22.207366826272867,-0.04775239907992999,0.04775239907992999,-753.676114678535,753.676114678535,0.22926901976881436,1.2970092877344224,0.9733038531612828,1.0105904664257206,0.9865616317094856,0.4171528775137685,0.43313372251451865,0.6458737318654231,0.9733038531612825,1.0105904664257206,0.9865616317094854,0.41715287751376845,0.43313372251451854,0.6458737318654231,0.7061544816181612,0.8367159874416191,0.8403299837671873,3.026951706512612,3.58660739538052,1.7398136987943886,0.7061544816181611,0.836715987441619,0.8403299837671871,3.026951706512612,3.5866073953805198,1.7398136987943884,,,,,,,,,,,,,,,,,features=standard_donors__controls=50__rep=0,standard_donors,50.0,50,0,42,42,True,True,"(0.01,)","(True,)","(False,)",False,"(0.05,)","(64, 64)",0.0005,2000,256,10,True,False,0,False,0,0,0.2,0.1,False,3,3,5,False,10,False,10,runtime_RaspberryPi/features=standard_donors__controls=50__rep=0
bess,bess_panel_features,NN-SCM,single_validation_split,netconsumption_1,299,299,,299,299,36825,0,25778,7365,3682,15783,0.05,,,True,2.68929223423903,55.0,0.0003967220000049565,0.8170216189973871,21.02767021299951,0.3130158450003364,0.0,22.158151677002024,0.0005831300004501827,1.37491355399834,23.167901102999167,2.1298950719974528,1.167205775000184,27.84050787599699,49.998659552999015,0.17486225511015877,0.32078722036632584,0.418165344224218,4507.599212229673,8269.252966603148,67.13865661621234,-0.06421711312758978,0.06421711312758978,-1655.3887422030093,1655.3887422030093,0.6272402824113585,negative,0.02417798364259732,0.11928313936365369,0.15549271250639793,623.2600623388737,3074.880766516265,24.965176993942457,-0.023878815515101817,0.023878815515101817,-615.5481063482946,615.5481063482946,0.20269405862036274,1.3035598604791376,0.14264048674970953,0.2910853529993719,0.37767775516928387,1050.5471849116107,2143.843624840374,32.41214563881279,-0.07488442069665294,0.07488442069665294,-551.5237584308488,551.5237584308488,0.6411405295315682,negative,0.01972272033912617,0.10823864706608885,0.14043760300975722,145.25783529766426,797.1776356417444,12.052295851731497,-0.027845401010441858,0.027845401010441858,-205.0813784419043,205.0813784419043,0.1822151410215224,1.2974811383590945,0.2333091715497108,0.3669071302920014,0.48302088107007424,859.0443696460351,1350.952053735149,29.309458706124804,-0.014835618007383049,0.014835618007383049,-54.624745503184386,54.624745503184386,0.589082020640956,negative,0.03225936512052408,0.1364325994849803,0.17960892271968026,118.77898237376967,502.34483130369745,10.898577080232522,-0.005516551090469711,0.005516551090469711,-20.311941115109477,20.311941115109477,0.23644909825291044,1.316466324014102,1.3342454688276322,1.143771032627199,1.3342454688276322,1.1437710326271993,0.1709354379155846,0.32311407517769186,0.41344339142811876,6294.697501241403,11898.675818418502,79.33912969803364,-0.08345988205354281,0.08345988205354281,-3073.410156621714,3073.410156621714,0.651704005431093,negative,0.023635027577904727,0.1201483688027386,0.15373687774214984,870.3598905563416,4424.463681160849,29.50186249300782,-0.031034143850550647,0.031034143850550647,-1142.8323472965276,1142.8323472965276,0.1967153429832166,1.2795585930472126,48,1.4079477097968066e-07,0.005184626646555761,0.16180727603164125,0.31851239849866597,0.4022527514283044,2553.8042376073936,5027.081185504445,50.535178218815,-0.10257407774277821,0.10257407774277821,-1618.9266690142686,1618.9266690142686,0.6714819742761199,negative,0.02237288813804718,0.1184372581170202,0.14957569367396287,353.1112934827986,1869.2952448609299,18.791255771842355,-0.03814166286461719,0.03814166286461719,-601.9898649922532,601.9898649922532,0.1889007605692963,1.2629108107701783,0.946598774395446,0.9857583527536049,0.9729330780662389,0.40570722216655325,0.4224908100885308,0.6369515069191322,0.9465987743954459,0.9857583527536048,0.9729330780662387,0.4057072221665532,0.42249081008853073,0.6369515069191322,0.6935315699630147,0.8681008685908592,0.8327854285246679,2.9728432288773115,3.7211396004805897,1.7241935009961358,0.6935315699630146,0.8681008685908592,0.8327854285246677,2.972843228877311,3.7211396004805897,1.7241935009961358,,,,,,,,,,,,,,,,,features=standard_donors__controls=all__rep=0,standard_donors,,all,0,42,42,True,True,"(0.01,)","(True,)","(False,)",False,"(0.05,)","(64, 64)",0.0005,2000,256,10,True,False,0,False,0,0,0.2,0.1,False,3,3,5,False,10,False,10,runtime_RaspberryPi/features=standard_donors__controls=all__rep=0
bess,bess_panel_features,NN-SCM,single_validation_split,netconsumption_1,299,100,100.0,100,536,36489,336,25544,7297,3648,15783,0.05,,,True,2.688379967548493,132.0,0.0012654450001718942,6.839162192000003,56.557038869999815,0.3401172449994192,0.0,63.737630010999055,0.0014123529999778839,8.433276380999814,63.845719176000785,2.392549930000314,1302.8245601519993,1377.4975268459984,1441.2351568569975,0.1865381648384811,0.3421321034777978,0.4319006423223761,4764.930882634161,8739.422451236867,69.02847877966138,-0.15368021579714325,0.15368021579714325,-3925.6074323222274,3925.6074323222274,0.6948011274663326,negative,0.025809904563313668,0.1272632989412522,0.16065461264250605,659.2882021652844,3250.813708155347,25.67660807360046,-0.05716461871172277,0.05716461871172277,-1460.2130203722465,1460.2130203722465,0.2028071311842084,1.2623797589646648,0.15010218323321192,0.3036348669672726,0.3874302301488772,1095.2956310527475,2215.623624260188,33.09525088366528,-0.15041087288707808,0.15041087288707808,-1097.5481394570088,1097.5481394570088,0.7113882417431822,negative,0.02076852759513706,0.11294343457117566,0.14411289878125783,151.54794586171514,824.1482420658688,12.310481138514252,-0.05594851721210981,0.05594851721210981,-408.2563300967653,408.2563300967653,0.18388432823909717,1.2759741133110267,0.25009871662913885,0.39008928395620995,0.5000987068860895,912.3601182630985,1423.0457078722538,30.20529950626377,-0.0808365774288145,0.0808365774288145,-294.8918344603153,294.8918344603153,0.6595394736842105,negative,0.03460430745201418,0.14510199029340648,0.1860223305197905,126.23651358494772,529.3320605903468,11.235502373501049,-0.03006888103787225,0.03006888103787225,-109.69127802615796,109.69127802615796,0.23848265197494412,1.282010881750417,1.3407375206338783,1.1401715302098923,1.3407375206338779,1.140171530209892,0.19067141011951583,0.3421812125143206,0.4366593753940431,6957.409083851013,12485.850263435044,83.41108489793795,-0.04927854061884766,0.04927854061884766,-1798.1246686411323,1798.1246686411323,0.5636767244923128,negative,0.02638179110638458,0.1272815660899126,0.1624247244306869,962.6451756808669,4644.37706505482,31.026523744706996,-0.018330199307274364,0.018330199307274364,-668.8506425231343,668.8506425231343,0.2072711070175574,1.2761056405917328,48,2.8102291855429615e-07,0.010253964252209157,0.2017950787593122,0.3529193720196736,0.4492160713502047,3184.9317280582245,5570.126448586509,56.43519937112143,-0.027933569696916963,0.027933569696916963,-440.87553052644046,440.87553052644046,0.5496420198948235,negative,0.027920890765886774,0.13127585247612794,0.16709545405512016,440.675418957991,2071.926779630727,20.992270457432443,-0.010390484244825448,0.010390484244825448,-163.99301283608006,163.99301283608006,0.21268870275258042,1.2728575050427182,1.0583394680556666,1.0313814993711954,1.0287562724259165,0.45777554398099657,0.44611510878828076,0.6765911202351067,1.0583394680556666,1.0313814993711954,1.0287562724259167,0.4577755439809967,0.44611510878828076,0.6765911202351067,0.806861712363546,0.9047143475473965,0.898254814829036,3.490871273638664,3.9142287684595836,1.868387345717869,0.806861712363546,0.9047143475473968,0.898254814829036,3.4908712736386645,3.914228768459584,1.868387345717869,,,,,,,,,,,,,,,,,features=treated_and_donor_lags__controls=100__rep=0,treated_and_donor_lags,100.0,100,0,42,42,True,True,"(0.01,)","(True,)","(False,)",False,"(0.05,)","(64, 64)",0.0005,2000,256,10,True,True,336,True,24,1,0.2,0.1,False,3,3,5,False,10,False,10,runtime_RaspberryPi/features=treated_and_donor_lags__controls=100__rep=0
bess,bess_panel_features,NN-SCM,single_validation_split,netconsumption_1,299,2,2.0,2,340,36489,336,25544,7297,3648,15783,0.05,,,True,2.688379967548493,335.0,0.0004110179997951491,1.1734099129989772,127.08165049499985,0.31963360400004603,0.0,128.57515238199994,0.000557629000468296,1.833386860000246,140.79145638699993,2.1788571910001338,1157.8609680949994,1302.665236551,1431.2403889329998,0.5839536144521473,0.5439670088131607,0.7641685772472899,14916.51112756565,13895.093273123377,122.13316964512815,-0.046456161612628784,0.046456161612628784,-1186.6761922329897,1186.6761922329897,0.5259160663952396,negative,0.0807973374856683,0.20234007669280424,0.28424872468608947,2063.887188733911,5168.5749190409915,45.43002518966846,-0.017280355520202635,0.017280355520202635,-441.4094014080561,441.4094014080561,0.3993145540235019,1.404806844655101,0.4711820349660042,0.49219311061205795,0.6864270062912765,3438.2153091469327,3591.533128136187,58.636296857381204,0.02416843825116066,0.02416843825116066,176.35709391871933,176.35709391871933,0.5199397012470879,positive,0.06519396909983836,0.18308167615937262,0.2553310970090372,475.7203925215205,1335.946990934942,21.81101539409664,0.008989963674368405,0.008989963674368405,65.59976493186625,65.59976493186625,0.35609226694585755,1.3946294482620503,0.645161599947808,0.575521273532056,0.8032195216426254,2353.5495166096034,2099.50160584494,48.51339522863354,0.16788283977123347,0.16788283977123347,612.4365994854597,612.4365994854597,0.6060855263157895,positive,0.08926623319676089,0.2140773553140511,0.29877455245847306,325.6432187017837,780.9541921856584,18.045587236268698,0.062447586203494956,0.062447586203494956,227.8087944703496,227.8087944703496,0.4169812032001586,1.3956382823403781,1.10481651963587,1.0580076809947372,1.1048165196358704,1.0580076809947372,0.8882604414552574,0.7075122066449946,0.9424756980714449,32411.735248260888,25816.41290826921,180.0325949606373,-0.5188321087240103,0.5188321087240103,-18931.66481523041,18931.66481523041,0.7865932198744827,negative,0.12290201976189731,0.263174184894023,0.35057384352215626,4484.571799091871,9602.962832598005,66.96694557087004,-0.1929906170209742,0.1929906170209742,-7042.034624478328,7042.034624478328,0.4669987666586236,1.3320981450491736,48,1.9645670775990625e-06,0.0716831235274346,1.6676473869876522,1.0067236645809134,1.2913742242230377,26320.478708826115,15889.119598080557,162.23587368034887,-0.8806962903813855,0.8806962903813855,-13900.029551089408,13900.029551089408,0.8532598365329785,negative,0.23074002009551015,0.3744722385723379,0.48035405701993417,3641.7697371674367,5910.295341387209,60.34707728769834,-0.3275936813293858,0.3275936813293858,-5170.411072421696,5170.411072421696,0.6161739011019836,1.2827494471987213,1.8774306601513262,1.4229064249714818,1.3701936579007095,0.8120663243489374,0.6154658145009426,0.9011472267886849,1.8774306601513258,1.4229064249714813,1.3701936579007092,0.8120663243489373,0.6154658145009425,0.9011472267886849,2.5848522093109088,1.7492379706531211,1.6077475577064047,11.183312066763728,7.5680435555970975,3.344145939812395,2.5848522093109088,1.7492379706531214,1.6077475577064047,11.183312066763726,7.5680435555970975,3.3441459398123947,,,,,,,,,,,,,,,,,features=treated_and_donor_lags__controls=2__rep=0,treated_and_donor_lags,2.0,2,0,42,42,True,True,"(0.01,)","(True,)","(False,)",False,"(0.05,)","(64, 64)",0.0005,2000,256,10,True,True,336,True,24,1,0.2,0.1,False,3,3,5,False,10,False,10,runtime_RaspberryPi/features=treated_and_donor_lags__controls=2__rep=0
bess,bess_panel_features,NN-SCM,single_validation_split,netconsumption_1,299,50,50.0,50,436,36489,336,25544,7297,3648,15783,0.05,,,True,2.688379967548493,103.0,0.0007998529999895254,3.9930868280007417,41.400602656000046,0.31743192300018563,0.0,45.711964815998726,0.0009843339994404232,5.06305709300068,45.92708755999956,2.227112942000531,1219.5501964310006,1272.7684465450002,1318.480411360999,0.22863548616320223,0.36215857849056315,0.4781584320737241,5840.264858552838,9250.978728962946,76.42162559480686,-0.09533022413828968,0.09533022413828968,-2435.1152453884715,2435.1152453884715,0.6186971500156593,negative,0.03163459918654533,0.13471257146020618,0.1778611795377095,808.0742016211138,3441.0979253795067,28.426645979100556,-0.03546010061413318,0.03546010061413318,-905.792810087418,905.792810087418,0.23483034169450268,1.3203012726265813,0.1793459199913016,0.32035920652383804,0.42349252648813246,1308.6871781765276,2337.661130004446,36.17578165259913,-0.1344186420419792,0.1344186420419792,-980.8528309803223,980.8528309803223,0.6710977113882417,negative,0.02481476690200762,0.11916440770683558,0.15752703546378197,181.0733540839496,869.5426830367792,13.456349953978961,-0.0499998674534665,0.0499998674534665,-364.84903280794504,364.84903280794504,0.20823975362724167,1.321930251617789,0.2747193303977636,0.4082903267704719,0.524136747803246,1002.1761172910416,1489.4431120586814,31.65716533884614,-0.0629000092485193,0.0629000092485193,-229.4592337385984,229.4592337385984,0.6044407894736842,negative,0.03801087946481723,0.15187225455439907,0.19496379013759768,138.66368828765326,554.0299846144478,11.775554691293879,-0.023396993731461698,0.023396993731461698,-85.35223313237228,85.35223313237228,0.2502819200014057,1.2837354045321272,1.2015603308476195,1.1273799683889327,1.2015603308476193,1.1273799683889325,0.24110920433353614,0.37890130554344653,0.49102872047726104,8797.8337569264,13825.72973797482,93.79676837144444,-0.07826040807541351,0.07826040807541351,-2855.644030263764,2855.644030263764,0.5747485543588479,negative,0.0333604952025416,0.14094038421546595,0.18264855653013412,1217.2911094455403,5142.773679638137,34.889699188235205,-0.029110620157900672,0.029110620157900672,-1062.2174189416376,1062.2174189416376,0.23669933488716016,1.295927760853169,48,6.025803875152959e-08,0.0021986953179658117,0.2599798157906211,0.3990786323793855,0.5098821587294667,4103.261432623373,6298.6580548438415,64.05670482177001,-0.09745506961879764,0.09745506961879764,-1538.133363793483,1538.133363793483,0.594753849078122,negative,0.03597148197396426,0.14844576927245198,0.18966149312383962,567.737899995078,2342.91957642711,23.827251205186847,-0.0362504819985197,0.0362504819985197,-572.1413573826364,572.1413573826364,0.24232069495994532,1.277648356388937,1.0782658277573698,1.0532521966558,1.0383957953292038,0.4663945177860332,0.45557508892593634,0.6829308294300626,1.0782658277573693,1.0532521966558002,1.0383957953292036,0.4663945177860331,0.4555750889259365,0.6829308294300626,0.9463470059212752,0.9774383721898342,0.9728036831351304,4.094351643216965,4.228867825732498,2.0234504301358522,0.9463470059212751,0.9774383721898344,0.9728036831351303,4.094351643216964,4.228867825732499,2.023450430135852,,,,,,,,,,,,,,,,,features=treated_and_donor_lags__controls=50__rep=0,treated_and_donor_lags,50.0,50,0,42,42,True,True,"(0.01,)","(True,)","(False,)",False,"(0.05,)","(64, 64)",0.0005,2000,256,10,True,True,336,True,24,1,0.2,0.1,False,3,3,5,False,10,False,10,runtime_RaspberryPi/features=treated_and_donor_lags__controls=50__rep=0
bess,bess_panel_features,NN-SCM,single_validation_split,netconsumption_1,299,299,,299,934,36489,336,25544,7297,3648,15783,0.05,,,True,2.688379967548493,515.0,0.002607205999083817,18.99009092400229,288.6881926899987,0.36000251400037087,0.0,308.04093948300215,0.0028013359988108277,22.98552611800187,319.7928165310004,2.9693160679998982,1564.4806892169981,1910.231160141997,2218.272099624999,0.17493640344136088,0.3253449781447605,0.4182539939335438,4468.575489506123,8310.612121729762,66.84740450837357,-0.1257041614384257,0.1257041614384257,-3210.987099783146,3210.987099783146,0.6756185405574695,negative,0.024204654749232522,0.12101897130316715,0.1555784520723629,618.2837009143956,3091.3086029681017,24.86531119681384,-0.04675833139504237,0.04675833139504237,-1194.3948171549623,1194.3948171549623,0.20000711036120888,1.2855707695830605,0.1505477765184984,0.3029888470227724,0.38800486661702893,1098.5471252554828,2210.90961672517,33.144337755572714,-0.1429120611787378,0.1429120611787378,-1042.8293104212498,1042.8293104212498,0.707551048376045,negative,0.0208301810384271,0.11270313373859309,0.14432664701442732,151.99783103740256,822.3947668905138,12.32874004257542,-0.05315917500644743,0.05315917500644743,-387.90250002204687,387.90250002204687,0.18482344143811677,1.2805912508979806,0.23313776229307948,0.3608137064388039,0.4828434138445708,850.4865568451539,1316.2484010887565,29.16310266149941,0.015600788496860269,0.015600788496860269,56.91167643654626,56.91167643654626,0.4336622807017544,positive,0.03225754579551639,0.13421231775053966,0.17960385796389894,117.67552706204378,489.6065351539687,10.847835132506567,0.005803044467366148,0.005803044467366148,21.169506216951707,21.169506216951707,0.24034713308113392,1.338206961731549,1.3327000996177896,1.1090188282490157,1.3327000996177896,1.1090188282490154,0.18613111886987177,0.33572566772509954,0.43142915857632036,6791.738396442751,12250.293889621156,82.41200395842071,-0.1132833262461761,0.1132833262461761,-4133.595291396719,4133.595291396719,0.6438926799857492,negative,0.02575358462679137,0.12488028916211735,0.16047923425412824,939.7225494469902,4556.7568712365,30.654894379967942,-0.04213813806590667,0.04213813806590667,-1537.5785198868684,1537.5785198868684,0.20622617708194546,1.2850645632778523,48,2.373106540956208e-07,0.008658991146641011,0.18783341687040772,0.3389682735858739,0.43339752753148897,2964.574818465645,5349.936262005847,54.4479092203332,-0.10787958699360364,0.10787958699360364,-1702.6635215200463,1702.6635215200463,0.6451878603560793,negative,0.02598911899569757,0.12608644524865123,0.16121141087310653,410.1862651090948,1990.0223653594624,20.253055698069236,-0.04012810253603324,0.04012810253603324,-633.3418423262126,633.3418423262126,0.2061214347382482,1.278578443187818,1.009145692621802,1.0096584985078636,1.004562438388875,0.43649720372303713,0.4367190134547291,0.6606793501563654,1.009145692621802,1.0096584985078636,1.004562438388875,0.4364972037230372,0.4367190134547291,0.6606793501563654,0.8056756444041044,0.9394550914693838,0.8975943651806781,3.485739774021376,4.0645339113654835,1.8670135977066091,0.8056756444041043,0.9394550914693838,0.897594365180678,3.4857397740213756,4.0645339113654835,1.867013597706609,,,,,,,,,,,,,,,,,features=treated_and_donor_lags__controls=all__rep=0,treated_and_donor_lags,,all,0,42,42,True,True,"(0.01,)","(True,)","(False,)",False,"(0.05,)","(64, 64)",0.0005,2000,256,10,True,True,336,True,24,1,0.2,0.1,False,3,3,5,False,10,False,10,runtime_RaspberryPi/features=treated_and_donor_lags__controls=all__rep=0
bess,bess_panel_features,NN-SCM,single_validation_split,netconsumption_1,299,100,100.0,100,436,36489,336,25544,7297,3648,15783,0.05,,,True,2.688379967548493,235.0,0.0004842590005864622,1.352334997998696,96.44655814300131,0.3187495790007233,0.0,98.11817210899972,0.0005753160003223456,2.2310738830001355,106.51609169299991,2.243844550999711,1219.7900900589993,1330.7816855559995,1428.8998576649992,0.1965982822569155,0.3523704561370129,0.4433940485131882,5021.90652197065,9000.950931563857,70.8654113229483,-0.18201792699918173,0.18201792699918173,-4649.465927267098,4649.465927267098,0.7205606013153774,negative,0.02720184851585735,0.1310716715607489,0.16492982906635584,694.8440184890602,3348.09477834777,26.359894128942557,-0.0677054319688158,0.0677054319688158,-1729.4675542114308,1729.4675542114308,0.20753415434432665,1.2583178890025402,0.15927645175236965,0.313566193387751,0.39909453986789856,1162.2402684370413,2288.092513150419,34.09164514125186,-0.17107655355634763,0.17107655355634763,-1248.3456113006687,1248.3456113006687,0.7241332054268877,negative,0.022037903195152756,0.11663760226337681,0.14845168640050121,160.81057961502967,851.1045837158606,12.68111113487417,-0.06363555584456711,0.06363555584456711,-464.34865099780615,464.34865099780615,0.18894338333009839,1.2727601006859324,0.24823183612054978,0.38816988249486156,0.49822869861194247,905.5497381677656,1416.043731341255,30.0923534833646,-0.07463978570398978,0.07463978570398978,-272.2859382481547,272.2859382481547,0.6450109649122807,negative,0.03434600102019356,0.1443880281732756,0.18532674124419704,125.29421172166613,526.7275267761094,11.193489702575606,-0.027763852805395308,0.027763852805395308,-101.28253503408209,101.28253503408209,0.23787291408243344,1.2835326002360263,1.262634816901194,1.1015959928942758,1.262634816901194,1.1015959928942758,0.19757494145358503,0.3473244604869855,0.44449402859159426,7209.312038699864,12673.522238709615,84.9076677261828,-0.07681426798818997,0.07681426798818997,-2802.8758246210637,2802.8758246210637,0.5902052673408424,negative,0.027336981616790077,0.12919470635830813,0.16533899000777183,997.4991222150531,4714.185640308306,31.58320949832447,-0.028572697652644734,0.028572697652644734,-1042.5891646473538,1042.5891646473538,0.21159521459783184,1.2797659801108359,48,2.6570079898923383e-07,0.009694890753519165,0.21174365299283224,0.3609412069575339,0.4601561180651978,3341.9500751858714,5696.735069410757,57.80960192896913,-0.07461398066542343,0.07461398066542343,-1177.6324568423781,1177.6324568423781,0.5849331559272635,negative,0.029297401313905333,0.13425974427516382,0.17116483667478358,462.4008849373679,2119.021543894911,21.503508665735644,-0.027754254073490654,0.027754254073490654,-438.04539204190297,438.04539204190297,0.2182143387213716,1.2748783159007304,1.0717131000267854,1.0392046861642175,1.0352357702604684,0.4635601923243376,0.4494989602819985,0.6808525481514611,1.0717131000267852,1.0392046861642175,1.0352357702604684,0.46356019232433754,0.4494989602819985,0.680852548151461,0.853007641171386,0.9298537141461816,0.9235841278256064,3.6905207238508737,4.022993741877517,1.9210728054529516,0.8530076411713862,0.9298537141461817,0.9235841278256065,3.6905207238508737,4.022993741877518,1.9210728054529516,,,,,,,,,,,,,,,,,features=treated_lags__controls=100__rep=0,treated_lags,100.0,100,0,42,42,True,True,"(0.01,)","(True,)","(False,)",False,"(0.05,)","(64, 64)",0.0005,2000,256,10,True,True,336,False,0,0,0.2,0.1,False,3,3,5,False,10,False,10,runtime_RaspberryPi/features=treated_lags__controls=100__rep=0
bess,bess_panel_features,NN-SCM,single_validation_split,netconsumption_1,299,2,2.0,2,338,36489,336,25544,7297,3648,15783,0.05,,,True,2.688379967548493,483.0,0.00030903800052328734,1.0165917270005593,181.15300687499985,0.3075010989996372,0.0,182.47745514500002,0.0005045750003773719,1.689416617000461,201.90706751000016,2.1088057890001437,1131.2382937920001,1336.9441021350003,1519.4215572800003,0.5868980877377519,0.5456394713634073,0.7660927409509581,14991.724753173134,13937.814656506875,122.44069892471676,-0.09453542731565914,0.09453542731565914,-2414.812955351197,2414.812955351197,0.5516363921077356,negative,0.08120474245052625,0.202962184642735,0.284964458223348,2074.2939411562425,5184.4660445140225,45.544417233687845,-0.035164459063376015,0.035164459063376015,-898.240942314877,898.240942314877,0.4000978930802663,1.404027349848238,0.46494458146928597,0.48789586779874045,0.6818684488002696,3392.7006109813797,3560.176147327409,58.2468935736609,-0.020781999930523834,0.020781999930523834,-151.64625349303242,151.64625349303242,0.5041797999177744,negative,0.06433093884751546,0.18148322546966747,0.25363544477756944,469.4228607703203,1324.2830962521634,21.666168576153936,-0.0077303060509987115,0.0077303060509987115,-56.408043254137596,56.408043254137596,0.35447319542084915,1.3975696327921021,0.7074780659905903,0.6078686526960378,0.841117153546752,2580.879984733673,2217.504845035146,50.802361999553455,0.30120186427229145,0.30120186427229145,1098.7844008653192,1098.7844008653192,0.6836622807017544,positive,0.09788850115291797,0.22610964969001282,0.31287138116631563,357.09725220584477,824.8480020691668,18.89701701872136,0.11203842756905917,0.11203842756905917,408.71618377192783,408.71618377192783,0.4329249162391749,1.3837152974021658,1.2054530092568951,1.114048166598242,1.2054530092568947,1.1140481665982422,0.9532674712777778,0.7366911254658562,0.9763541730733667,34783.776759454835,26881.12247712363,186.50409314397052,-0.5731344008309109,0.5731344008309109,-20913.10115191911,20913.10115191911,0.8118611088273178,negative,0.13189656110477224,0.2740279031827624,0.3631756614983612,4812.773618152034,9999.004159235816,69.37415670227664,-0.21318950734242617,0.21318950734242617,-7779.071933417788,7779.071933417788,0.4813252941500782,1.3253236523732472,48,2.442922173111294e-06,0.0891373442524849,1.7595748615846054,1.026783018823232,1.3264896763957892,27771.370040389826,16205.716386087071,166.64744234577927,-0.9144860551417946,0.9144860551417946,-14433.333408302944,14433.333408302944,0.8644110752075017,negative,0.24345934403733305,0.38193374121871065,0.4934159949143654,3842.5188269412274,6028.06023765491,61.98805390509713,-0.3401625016480484,0.3401625016480484,-5368.7847635111475,5368.7847635111475,0.6374386909637251,1.291888989278419,1.8458354182861583,1.3937768263109351,1.3586152576377752,0.798400076922098,0.6028660596252429,0.8935323591913714,1.8458354182861578,1.3937768263109347,1.358615257637775,0.7984000769220979,0.6028660596252429,0.8935323591913714,2.487108712156185,1.6891527705355627,1.5770569780943822,10.760426755471784,7.308086123180589,3.2803089420772222,2.487108712156185,1.6891527705355625,1.5770569780943824,10.760426755471784,7.308086123180588,3.2803089420772222,,,,,,,,,,,,,,,,,features=treated_lags__controls=2__rep=0,treated_lags,2.0,2,0,42,42,True,True,"(0.01,)","(True,)","(False,)",False,"(0.05,)","(64, 64)",0.0005,2000,256,10,True,True,336,False,0,0,0.2,0.1,False,3,3,5,False,10,False,10,runtime_RaspberryPi/features=treated_lags__controls=2__rep=0
bess,bess_panel_features,NN-SCM,single_validation_split,netconsumption_1,299,50,50.0,50,386,36489,336,25544,7297,3648,15783,0.05,,,True,2.688379967548493,175.0,0.0004379270012577763,1.2029532939995988,69.0644791220002,0.3202442380006687,0.0,70.58815906199925,0.0005410379999375436,1.9920899099997769,76.52023751399975,2.2023159580003266,1193.6037162380017,1274.3189106940008,1344.907069756,0.2314807110609474,0.3620592930362956,0.481124423679517,5912.94328334084,9248.442581319134,76.89566491903715,-0.0676679658388213,0.0676679658388213,-1728.5105193868512,1728.5105193868512,0.5883573441904165,negative,0.03202827188690426,0.1346756401277807,0.17896444307991535,818.1301770790825,3440.15455142403,28.6029749690322,-0.025170536403203093,0.025170536403203093,-642.9561818834198,642.9561818834198,0.23781785522991192,1.3288553364967362,0.18192742281631663,0.32028692480529525,0.4265295099009172,1327.5244042906625,2337.1336903042393,36.43520830584975,-0.11071120517283903,0.11071120517283903,-807.8596641462063,807.8596641462063,0.6372481841852816,negative,0.0251719503320111,0.1191375209871697,0.15865670591566908,183.679721572685,869.3464906433774,13.552849204971071,-0.041181383029644976,0.041181383029644976,-300.5005519673194,300.5005519673194,0.21128482549777033,1.331710653378085,0.281384499734053,0.4133411361443059,0.5304568782983712,1026.4906550298253,1507.868464654428,32.038892849626144,-0.08369560399618772,0.08369560399618772,-305.32156337809283,305.32156337809283,0.6200657894736842,negative,0.0389330895906481,0.15375101032359928,0.19731469684402148,142.02791082668426,560.8836856604902,11.917546342544016,-0.03113235666329894,0.03113235666329894,-113.57083710771454,113.57083710771454,0.2532216829580875,1.2833391886579075,1.2155850845816965,1.141639350499614,1.2155850845816967,1.1416393504996138,0.23972219310279524,0.3756129575885198,0.4896143309818405,8747.223104127896,13705.7412094475,93.52659035872043,-0.07996372508723146,0.07996372508723146,-2917.7963647079887,2917.7963647079887,0.5790786264353641,negative,0.03316858472928984,0.13971721338596252,0.18212244433152613,1210.2884881870568,5098.141399240387,34.78920074084854,-0.029744205079816,0.029744205079816,-1085.336299157406,1085.336299157406,0.23739798358032746,1.3035075630117319,48,-1.1500200056116624e-07,-0.004196192996475834,0.26180483003640226,0.40032311734195397,0.5116686721271904,4132.065632464537,6318.299761008059,64.28114523298832,-0.09763520522980097,0.09763520522980097,-1540.9764441419488,1540.9764441419488,0.5899385414686689,negative,0.03622399568101763,0.1489086818731969,0.19032602470765167,571.7233238335014,2350.2257260046667,23.910736580739233,-0.03631748726309456,0.03631748726309456,-573.1989014734215,573.1989014734215,0.24326315447385505,1.2781392079591685,1.092117616011204,1.065786228228324,1.0450443129414198,0.4723859884761116,0.4609965754097848,0.6873034180593834,1.0921176160112036,1.065786228228324,1.0450443129414195,0.4723859884761114,0.4609965754097848,0.6873034180593833,0.9304166728581134,0.9685053877681145,0.9645810867200918,4.025429371633663,4.190219444940831,2.0063472709462995,0.9304166728581129,0.9685053877681145,0.9645810867200917,4.0254293716336615,4.190219444940831,2.006347270946299,,,,,,,,,,,,,,,,,features=treated_lags__controls=50__rep=0,treated_lags,50.0,50,0,42,42,True,True,"(0.01,)","(True,)","(False,)",False,"(0.05,)","(64, 64)",0.0005,2000,256,10,True,True,336,False,0,0,0.2,0.1,False,3,3,5,False,10,False,10,runtime_RaspberryPi/features=treated_lags__controls=50__rep=0
bess,bess_panel_features,NN-SCM,single_validation_split,netconsumption_1,299,299,,299,635,36489,336,25544,7297,3648,15783,0.05,,,True,2.688379967548493,68.0,0.0005747420000261627,1.8719757409999147,41.88845124799991,0.3562755310013017,0.0,44.11732272299923,0.0007031679997453466,3.056495533000998,35.58159978700132,2.4588297859991144,1359.9096028970016,1401.0072413369999,1445.124564059999,0.1844488735305574,0.3381113282425048,0.42947511398282134,4711.562025464558,8636.715768626542,68.64081894517692,-0.13570655092154918,0.13570655092154918,-3466.488136740052,3466.488136740052,0.6862276855621673,negative,0.025520824796129493,0.12576768623626708,0.15975238588556195,651.9039485923317,3212.6097772192065,25.532409768612357,-0.05047893250197764,0.05047893250197764,-1289.4338518305167,1289.4338518305167,0.2029203649988924,1.2702180557369183,0.15834657012214232,0.31431998617739254,0.39792784537167325,1155.4549221812724,2293.5929391364334,33.99198320459212,-0.14697172374356915,0.14697172374356915,-1072.452668156824,1072.452668156824,0.7134438810470056,negative,0.0219092423597032,0.11691799149359747,0.14801770961511057,159.87174149875426,853.1505839287807,12.64403976183064,-0.054669252679185515,0.054669252679185515,-398.9215368000167,398.9215368000167,0.18738982837301793,1.2659960004805262,0.23540482812526117,0.3745617948002052,0.4851853544010383,858.7568130009528,1366.4014274311485,29.304552769168016,-0.05362794059944638,0.05362794059944638,-195.6347273067804,195.6347273067804,0.6225328947368421,negative,0.03257122290721105,0.13932621107192833,0.18047499247045573,118.81982116550593,508.2620179903945,10.900450502869408,-0.01994805096258367,0.01994805096258367,-72.77048991150524,72.77048991150524,0.23377670760310768,1.2953412791602006,1.2762605898282267,1.1078061085594768,1.2762605898282264,1.107806108559477,0.18494113738154538,0.33596362771627797,0.4300478315042937,6748.31716191521,12258.976811739267,82.14814156093374,-0.1214596662202205,0.1214596662202205,-4431.941760709626,4431.941760709626,0.653895694592891,negative,0.025588935700002546,0.12496880343244032,0.15996542032577712,933.7146747573929,4559.986668446315,30.55674515974162,-0.04517950129310715,0.04517950129310715,-1648.5548226841868,1648.5548226841868,0.20476258871948183,1.2800428261462582,48,1.4097396913240236e-07,0.005143858185703097,0.18874524307133947,0.33965520985207637,0.4344482052803757,2978.966171394951,5360.778177095322,54.579906297051764,-0.12814582176543537,0.12814582176543537,-2022.5255049238667,2022.5255049238667,0.6562123804093012,negative,0.02611528163509501,0.12634196577569526,0.1616022327664287,412.1774900467045,1994.055245837798,20.302154812893743,-0.047666558787183004,0.047666558787183004,-752.3212973381094,752.3212973381094,0.20670314471328952,1.2790859456258086,1.0205692781154794,1.0109880410593612,1.010232289186739,0.4414383764010143,0.4372940955367343,0.664408290436697,1.0205692781154792,1.0109880410593615,1.0102322891867388,0.44143837640101413,0.43729409553673443,0.6644082904366969,0.8017900251854916,0.9068068729039802,0.8954272863753324,3.4689287191619007,3.923282038115,1.8625060319800042,0.8017900251854915,0.9068068729039804,0.8954272863753323,3.4689287191619003,3.923282038115001,1.8625060319800044,,,,,,,,,,,,,,,,,features=treated_lags__controls=all__rep=0,treated_lags,,all,0,42,42,True,True,"(0.01,)","(True,)","(False,)",False,"(0.05,)","(64, 64)",0.0005,2000,256,10,True,True,336,False,0,0,0.2,0.1,False,3,3,5,False,10,False,10,runtime_RaspberryPi/features=treated_lags__controls=all__rep=0
bess,bess_panel_features,SCM,single_validation_split,netconsumption_1,299,100,100.0,100,100,36825,0,25778,7365,3682,15783,0.01,True,False,False,2.68929223423903,,0.0002603150005597854,0.20565349299977242,0.029877029000999755,0.0003421119999984512,0.0,0.23617957799979195,0.0004263890004949644,0.335786100000405,0.030380381000213674,0.004641688999981852,0.07311282900082006,0.44435574100134545,0.6805353190011374,0.17658145650162288,0.315044299115867,0.42021596412038287,4551.916785698834,8121.211942608819,67.46789448099618,0.03825387663659277,0.03825387663659277,986.1084319380885,986.1084319380885,0.45899604313755915,positive,0.024415695452358454,0.11714766253545995,0.156255225360173,629.3877973708962,3019.8324448390867,25.0876024635854,0.014224514595163438,0.014224514595163438,366.67953723412313,366.67953723412313,0.20841811884183312,1.3338313541926234,0.14693533434487038,0.28215346940457586,0.3833214504105795,1082.1787374499704,2078.060302164701,32.89648518383036,0.0455796345006415,0.0455796345006415,335.69400809722464,335.69400809722464,0.46001357773251866,positive,0.020316563503494776,0.10491737038180783,0.1425361831378081,149.63149020323903,772.7164328620147,12.232395113110066,0.016948561379956855,0.016948561379956855,124.82615456338223,124.82615456338223,0.19364346847009398,1.3585565728449023,0.24190433547088805,0.3719674086905154,0.49183771253421393,890.6917632038098,1369.5839987984778,29.844459505975475,0.05932358031428408,0.05932358031428408,218.42942271719397,218.42942271719397,0.47338403041825095,positive,0.033447807603784685,0.13831423894910713,0.18288741783891171,123.15482759713521,509.27302781061246,11.097514478347627,0.022059179571115094,0.022059179571115094,81.22189918084578,81.22189918084578,0.24182475974936926,1.3222602331362667,1.3699305706466682,1.1806828745493765,1.3699305706466685,1.1806828745493763,0.17656772365375956,0.3145154835043037,0.42019962357641344,6502.106423549696,11582.032680045984,80.63563990909786,0.03695764000878838,0.03695764000878838,1360.9650933236321,1360.9650933236321,0.4555057705363204,positive,0.024413796628791326,0.11695102506898063,0.15624914920981595,899.0380608552406,4306.721498165211,29.983963394708855,0.013742515424042794,0.013742515424042794,506.0681304903759,506.0681304903759,0.20875230990400864,1.3360220581021527,48,-3.170279628152292e-08,-0.0011674237702708,0.16452748356894364,0.3075478446681682,0.40561987570747027,2596.7372731686373,4854.027632397699,50.958191423642944,0.024350688539325545,0.024350688539325545,384.32691721617505,384.32691721617505,0.4338845593359944,positive,0.022749007806067787,0.11436014307132107,0.15082774216326314,359.0475902031679,1804.9461380946605,18.948551137307778,0.009054682949402813,0.009054682949402813,142.9100609904246,142.9100609904246,0.19892426850043635,1.3188838183701723,0.9318095072210014,0.9778464361801756,0.9653028059738568,0.3993686205694247,0.4190998045412549,0.6319561856406065,0.9318095072210012,0.9778464361801755,0.9653028059738566,0.3993686205694246,0.4190998045412549,0.6319561856406064,0.6801344971708607,0.8268139559615406,0.8247026719799448,2.915416287030878,3.5441620496852244,1.7074590147440956,0.6801344971708607,0.8268139559615406,0.824702671979945,2.915416287030878,3.5441620496852244,1.7074590147440958,1.0000000000000218,-0.08215199257335515,0.16177451173624047,100.0,60.62492053653694,0.6062492053653694,0.3573148660897525,0.04616563574069976,60.624920536536905,0.6062492053653691,0.35731486608975255,0.04616563574069977,60.62492053653694,0.3573148660897525,60.62492053653694,0.6062492053653694,features=standard_donors__controls=100__rep=0,standard_donors,100.0,100,0,42,42,True,True,"(0.01,)","(True,)","(False,)",False,"(0.05,)","(64, 64)",0.0005,2000,256,10,True,False,0,False,0,0,0.2,0.1,False,3,3,5,False,10,False,10,runtime_RaspberryPi/features=standard_donors__controls=100__rep=0
bess,bess_panel_features,SCM,single_validation_split,netconsumption_1,299,2,2.0,2,2,36825,0,25778,7365,3682,15783,0.01,True,False,False,2.68929223423903,,0.0002212230001532589,0.010573116000159644,0.001120576000175788,3.511100021569291e-05,0.0,0.01197519299967098,0.00021913099953962956,0.01498083000024053,0.0012235579997650348,0.0010607990006974433,0.004117676000532811,0.021613789000184624,0.033588981999855605,3.349514772229884,1.5319974963850214,1.8301679628465481,86343.79179854195,39491.83146181308,293.8431414863072,0.038693389982228,0.038693389982228,997.4382069618734,997.4382069618734,0.5057025370470944,positive,0.46313318630480904,0.5696656826209593,0.6805388940426617,11938.647276565367,14684.84196660309,109.26411705846238,0.014387945456279796,0.014387945456279796,370.8924579719806,370.8924579719806,0.8129911989326656,1.1946285598802246,3.295302994299327,1.5538794163159964,1.815296943835726,24269.90655301454,11444.321901167314,155.78801800207404,-0.02978819534414496,0.02978819534414496,-219.39005870962762,219.39005870962762,0.4965376782077393,negative,0.4556373920911556,0.5778023661886216,0.675009179264368,3355.769392751361,4255.514426979198,57.92900303605579,-0.011076592928389545,0.011076592928389545,-81.579106917589,81.579106917589,0.7885696195685262,1.1682354015213803,3.271752654901214,1.4835325158125354,1.8087986772720765,12046.59327534627,5462.366723221756,109.75697369801279,0.6650784188680398,0.6650784188680398,2448.8187382721226,2448.8187382721226,0.6648560564910375,positive,0.4523811163420725,0.551644219592342,0.6725928310219137,1665.667270371511,2031.1540165390031,40.812587156066336,0.24730611660589286,0.24730611660589286,910.5811213428975,910.5811213428975,0.8200595606283636,1.219251117176486,0.9767840649716253,0.9683648434890747,0.9767840649716254,0.9683648434890745,3.303521327321555,1.523569407869829,1.817559167488518,121652.17287861627,56105.44344480645,348.7867154560453,0.08722407041737745,0.08722407041737745,3212.0263931199247,3212.0263931199247,0.5215750169721657,positive,0.4567737306409225,0.5665317396422492,0.6758503759271889,16820.692630851972,20862.531312325827,129.69461296002996,0.03243383865348447,0.03243383865348447,1194.3761084145656,1194.3761084145656,0.8062632659016842,1.1929611858180649,48,1.9507841456486748e-06,0.0718356753793668,3.200208881003409,1.5421033745333483,1.7889127650624579,50508.8967688768,24339.017560259836,224.7418447216201,0.1349798067403276,0.1349798067403276,2130.3862897825907,2130.3862897825907,0.534118988785402,positive,0.44248884888880713,0.5734235033663816,0.6651983530412617,6983.801502012043,9050.3431536316,83.56914204425006,0.050191572720069924,0.050191572720069924,792.1735922408636,792.1735922408636,0.7716615142056439,1.1600472410637166,0.9687265689905775,1.0121648325096213,0.9842390812148122,0.41519107775636893,0.43380848748131307,0.6443532243702742,0.9687265689905775,1.0121648325096213,0.9842390812148121,0.41519107775636893,0.43380848748131307,0.6443532243702742,0.9781328903972525,1.0394806706941193,0.9890060113049124,4.192795059516523,4.455764102543531,2.047631573188039,0.9781328903972525,1.039480670694119,0.9890060113049123,4.192795059516523,4.455764102543531,2.047631573188039,0.9999999999999998,-1.4873215895326777,2.4873215895326775,2.0,1.880936707126639,0.9404683535633195,0.37420254410923603,0.625797455890764,1.880936707126639,0.9404683535633195,0.37420254410923603,0.625797455890764,1.880936707126639,0.37420254410923603,1.880936707126639,0.9404683535633195,features=standard_donors__controls=2__rep=0,standard_donors,2.0,2,0,42,42,True,True,"(0.01,)","(True,)","(False,)",False,"(0.05,)","(64, 64)",0.0005,2000,256,10,True,False,0,False,0,0,0.2,0.1,False,3,3,5,False,10,False,10,runtime_RaspberryPi/features=standard_donors__controls=2__rep=0
bess,bess_panel_features,SCM,single_validation_split,netconsumption_1,299,50,50.0,50,50,36825,0,25778,7365,3682,15783,0.01,True,False,False,2.68929223423903,,0.00023079700076777954,0.10499093899852596,0.012894756000605412,0.00019894499928341247,0.0,0.11835754800085851,0.00037209299989626743,0.17417315099919506,0.01445955399867671,0.0022914660003152676,0.040351806999751716,0.23165675600102986,0.3500143040018884,0.24011662432061232,0.3516093357942989,0.49001696329883554,6189.726341736744,9063.785458105438,78.67481389705821,0.05645138844735486,0.05645138844735486,1455.2038913959136,1455.2038913959136,0.49076732097137094,positive,0.0332006230360126,0.13074419035527068,0.18221038125203678,855.8456606223328,3370.323738978168,29.25483995208883,0.020991169248413245,0.020991169248413245,541.1103608855966,541.1103608855966,0.2539357423515085,1.3936403656400886,0.19171290411718556,0.31560001850400166,0.4378503215908212,1411.9655388230717,2324.3941362819724,37.57612990747014,-0.007870749945191569,0.007870749945191569,-57.9680733463359,57.9680733463359,0.5837067209775968,negative,0.026507901644640595,0.11735430403803057,0.1628124738606984,195.230695612778,864.3144492400952,13.972497830122501,-0.00292669939138046,0.00292669939138046,-21.55514101751709,21.55514101751709,0.22587924543483534,1.3873583520885298,0.30339849378555667,0.3955231825960208,0.5508162069016821,1117.1132541184197,1456.3163583185487,33.42324421893272,0.11389920905496478,0.11389920905496478,419.3768877403803,419.3768877403803,0.5211841390548615,positive,0.041950527375474125,0.14707333682831955,0.20481827890955956,154.46184179649572,541.5240262018726,12.428267851816509,0.042352856861312446,0.042352856861312446,155.94321896335242,155.94321896335242,0.2852354361446458,1.392626857638012,1.2635463897761954,1.1248938589827793,1.2635463897761958,1.1248938589827795,0.23637368391249283,0.3481795120843255,0.48618276801270205,8704.460910077549,12821.710532505287,93.2977004543925,0.05042004356282881,0.05042004356282881,1856.718104201171,1856.718104201171,0.48016293279022404,positive,0.03268309138285098,0.12946882739311052,0.1807846547217185,1203.5548401734873,4767.689568751295,34.69228790629824,0.01874844352015757,0.01874844352015757,690.4114326298024,690.4114326298024,0.2524398501240319,1.3963566239214944,48,-7.328006566302513e-07,-0.026984651379752374,0.214003366191089,0.3395704838466261,0.46260497856280036,3377.6151285939577,5359.440946551299,58.11725327812695,-0.009425437198889754,0.009425437198889754,-148.76167531007698,148.76167531007698,0.5830957359183933,negative,0.029589975743875188,0.12626760287459493,0.17201737047134277,467.0185871655821,1992.881576169732,21.61061283641864,-0.00350480214789926,0.00350480214789926,-55.31629230029402,55.31629230029402,0.2343433713021624,1.3623238784550704,0.905360371124539,0.975274167666665,0.9515042675282854,0.3880326608950061,0.417997343877338,0.6229226764976582,0.9053603711245392,0.9752741676666646,0.9515042675282855,0.38803266089500615,0.4179973438773379,0.6229226764976582,0.7053540824179156,0.8585349703596422,0.8398536077304876,3.023520772080924,3.680135099724669,1.7388274129656813,0.7053540824179153,0.8585349703596418,0.8398536077304873,3.023520772080923,3.6801350997246676,1.7388274129656809,1.0000000000000127,-0.12733510923098265,0.24811604702385961,50.0,30.076653453405516,0.6015330690681103,0.34350869083286945,0.07765601004827324,30.076653453405527,0.6015330690681105,0.3435086908328694,0.07765601004827323,30.076653453405516,0.34350869083286945,30.076653453405516,0.6015330690681103,features=standard_donors__controls=50__rep=0,standard_donors,50.0,50,0,42,42,True,True,"(0.01,)","(True,)","(False,)",False,"(0.05,)","(64, 64)",0.0005,2000,256,10,True,False,0,False,0,0,0.2,0.1,False,3,3,5,False,10,False,10,runtime_RaspberryPi/features=standard_donors__controls=50__rep=0
bess,bess_panel_features,SCM,single_validation_split,netconsumption_1,299,299,,299,299,36825,0,25778,7365,3682,15783,0.01,True,False,False,2.68929223423903,,0.00038211100036278367,0.5911301199994341,0.1565669320007146,0.0010110389994224533,0.0,0.7491410900001938,0.0004980000012437813,0.9784196309992694,0.1677170170005411,0.013538366001739632,0.21961667999858037,1.3797993970001698,2.1289404870003636,0.14067968428059163,0.27923520040273264,0.3750729052872143,3626.4409013850914,7198.124995981642,60.21993773979754,0.011100807197065299,0.011100807197065299,286.1566079259493,286.1566079259493,0.44580650166808905,positive,0.019451602652837432,0.10383222650466092,0.1394690024802552,501.42341318484335,2676.5871348371493,22.392485641054755,0.004127780185334306,0.004127780185334306,106.40591761754774,106.40591761754774,0.18733685395799798,1.343214984164811,0.11900108385340914,0.2535151679374663,0.3449653371766635,876.4429825803584,1867.1392118594395,29.604779725246367,0.007788893697580226,0.007788893697580226,57.365202082678366,57.365202082678366,0.4460285132382892,positive,0.01645412989239165,0.0942683597973508,0.12827365237020286,121.1846666574645,694.2864699074887,11.008390738771244,0.0028962615510560894,0.0028962615510560894,21.3309663235281,21.3309663235281,0.17454562620759692,1.360728590652828,0.22444469269165426,0.3419143567190847,0.47375594211751504,826.405358490671,1258.92866143967,28.74726697428246,0.10444871521745674,0.10444871521745674,384.5801694306757,384.5801694306757,0.5426398696360674,positive,0.031033684800347374,0.1271391603954242,0.1761638010498961,114.26602743487904,468.12638857595186,10.689528868705068,0.038838737526422765,0.038838737526422765,143.00423157228863,143.00423157228863,0.24409225846566385,1.3855982728059317,1.595430739267155,1.2244672456264531,1.5954307392671547,1.2244672456264534,0.14280237049707697,0.2803275784574114,0.37789200904104464,5258.697293554859,10323.063076694176,72.51687592246965,0.012295021856994078,0.012295021856994078,452.76417988380695,452.76417988380695,0.4456754921928038,positive,0.019745103800859438,0.10423842187486693,0.14051727225099211,727.1134474666488,3838.5798855419744,26.965041210178946,0.004571842992910408,0.004571842992910408,168.35811821392576,168.35811821392576,0.1894225127905568,1.3480372181735076,48,2.9843664875318446e-08,0.0010989631153687264,0.1300722195757987,0.2664986472791394,0.3606552641731418,2052.929841564831,4206.1481500066575,45.30926882619969,0.0018509689330794407,0.0018509689330794407,29.21384267079281,29.21384267079281,0.43413799657859725,positive,0.017984921876243624,0.09909620229671644,0.13410787402775284,283.8560219727531,1564.0353608490755,16.84802724275911,0.0006882736318179257,0.0006882736318179257,10.86302273098232,10.86302273098232,0.1814895168474035,1.3533099242915843,0.9108547646865649,0.9506686739336532,0.9543871146901372,0.390387528881142,0.407451559557226,0.6248099942231575,0.910854764686565,0.9506686739336531,0.9543871146901372,0.39038752888114203,0.407451559557226,0.6248099942231574,0.5795290501900796,0.77943099504913,0.7612680540979502,2.4841681149239614,3.3410536107714344,1.57612439703342,0.5795290501900796,0.7794309950491302,0.7612680540979503,2.4841681149239614,3.3410536107714344,1.5761243970334198,1.0000000000000435,-0.037993446631213956,0.10154485434456362,299.0,164.3003384762754,0.5494994597868743,0.3920477499285549,0.02192399101934465,164.30033847627536,0.5494994597868741,0.3920477499285549,0.02192399101934465,164.3003384762754,0.3920477499285549,164.3003384762754,0.5494994597868743,features=standard_donors__controls=all__rep=0,standard_donors,,all,0,42,42,True,True,"(0.01,)","(True,)","(False,)",False,"(0.05,)","(64, 64)",0.0005,2000,256,10,True,False,0,False,0,0,0.2,0.1,False,3,3,5,False,10,False,10,runtime_RaspberryPi/features=standard_donors__controls=all__rep=0
bess,bess_panel_features,SCM,single_validation_split,netconsumption_1,299,100,100.0,100,536,36489,336,25544,7297,3648,15783,0.01,True,False,False,2.688379967548493,,0.0012794080012099585,6.658945453998967,0.5454524260003382,0.0017945009985851357,0.0,7.207524215999001,0.001223982000738033,8.048632100999384,0.5647638130012638,0.02415729799940891,212.57633098800034,221.2151164420011,228.4226406580001,0.12971384580187684,0.27178771979508,0.3601580844599727,3313.410477163142,6942.545514445523,57.56223134280969,0.014773649214512023,0.014773649214512023,377.3780955354951,377.3780955354951,0.47655026620732854,positive,0.017947544319339117,0.10109721210388294,0.13396844523744805,458.4520720931984,2582.427185981586,21.411493924833888,0.005495372452125496,0.005495372452125496,140.37379391709368,140.37379391709368,0.17752758899916082,1.3251448031997966,0.11338766459575889,0.25006535172674144,0.3367308488923444,827.3897885552526,1824.7268715500322,28.764384028782064,0.025069237406345233,0.025069237406345233,182.93022535410117,182.93022535410117,0.5121282718925586,positive,0.015688611520369378,0.09301711616114056,0.1252541876360602,114.47979826413534,678.7458966278426,10.699523272750769,0.009325035043020954,0.009325035043020954,68.0447807089239,68.0447807089239,0.16866370586237928,1.3465713925066536,0.1935944820394543,0.3350405017003521,0.4399937295456088,706.2326704799293,1222.2277502028844,26.57503848501314,0.0026614971183075843,0.0026614971183075843,9.709141487586068,9.709141487586068,0.44051535087719296,positive,0.02678623492275128,0.12462542711396268,0.16366500824168642,97.71618499819667,454.63355811173585,9.88514972057564,0.0009900003535343168,0.0009900003535343168,3.611521289693188,3.611521289693188,0.21493394681212874,1.313255344690007,1.4924735354400631,1.2327286234748314,1.4924735354400636,1.2327286234748316,0.132064040150892,0.27328194362152536,0.363406164161936,4818.884761065898,9971.784840805838,69.41818753803572,0.012473408685926904,0.012473408685926904,455.1422095407868,455.1422095407868,0.47277261640494395,positive,0.018272723308345704,0.10165302037670233,0.13517663743541525,666.7534007982264,3709.2170605254914,25.82156851932559,0.004639749156180954,0.004639749156180954,169.29980695988684,169.29980695988684,0.1797558325432069,1.329784761283848,48,-1.8718203313441593e-07,-0.006829898025008568,0.1387908387419652,0.28147856669245436,0.3725464249485763,2190.5358078644367,4442.576218107007,46.80316023373247,0.008845848990070666,0.008845848990070666,139.61403461028533,139.61403461028533,0.4617626560223025,positive,0.01920346061779958,0.10470192833237477,0.1385765514717392,303.08821893073076,1652.510534869871,17.409429023685146,0.003290401318581877,0.003290401318581877,51.932404011177766,51.932404011177766,0.1834107635232703,1.3235338993168295,1.0509358837075362,1.0299932844530728,1.025151639372213,0.4545731878800746,0.4455146484837306,0.6742204297409523,1.0509358837075358,1.0299932844530728,1.0251516393722129,0.4545731878800745,0.4455146484837306,0.6742204297409523,0.7169152616327144,0.8401329548634643,0.8467084868080125,3.101719729810617,3.6348186476453006,1.7611699889024386,0.7169152616327142,0.8401329548634643,0.8467084868080125,3.1017197298106165,3.6348186476453006,1.7611699889024388,1.0000000000001248,-0.08239248646557658,0.16806797657308273,536.0,44.630515008615994,0.44630515008615995,0.26376084362320223,0.07750339588818896,56.26860947043398,0.5626860947043398,0.40405915013598037,0.061035367762852226,98.07625161076028,0.3746989815331402,44.630515008615994,0.44630515008615995,features=treated_and_donor_lags__controls=100__rep=0,treated_and_donor_lags,100.0,100,0,42,42,True,True,"(0.01,)","(True,)","(False,)",False,"(0.05,)","(64, 64)",0.0005,2000,256,10,True,True,336,True,24,1,0.2,0.1,False,3,3,5,False,10,False,10,runtime_RaspberryPi/features=treated_and_donor_lags__controls=100__rep=0
bess,bess_panel_features,SCM,single_validation_split,netconsumption_1,299,2,2.0,2,340,36489,336,25544,7297,3648,15783,0.01,True,False,False,2.688379967548493,,0.000350593000803201,0.9549299890004477,0.19529011800023,0.0011202980003872653,0.0,1.1517444420005631,0.00047487100073340116,1.4953775829999358,0.20616871399943193,0.014814049000051455,77.36179888599963,79.07864152799903,80.23038596999959,1.2745815136610452,0.883150243729454,1.1289736549898077,32557.910184957742,22559.189825825175,180.43810624410173,0.030675495197143004,0.030675495197143004,783.5748493158209,783.5748493158209,0.5160898841215158,positive,0.17635440583561024,0.32850648137167526,0.4199457177250534,4504.796942664828,8391.369560158073,67.11778410127101,0.011410401642412058,0.011410401642412058,291.4672995537736,291.4672995537736,0.5368369144476064,1.2783483478669115,1.1270602262162095,0.8433813055687441,1.0616309274960907,8224.15847069968,6154.153386735126,90.68714611619268,-0.039374579978622246,0.039374579978622246,-287.3163101040065,287.3163101040065,0.5078799506646567,negative,0.15594297767931198,0.3137135805761174,0.39489616062873034,1137.9159081259395,2289.1679974639287,33.73300917685731,-0.014646210897980889,0.014646210897980889,-106.87340092256655,106.87340092256655,0.4970871117308069,1.25877929767505,1.7737329253071197,1.0842804487307536,1.3318156498957052,6470.577711520373,3955.455076969789,80.4399012401207,0.8320369922375602,0.8320369922375602,3035.27094768262,3035.27094768262,0.8097587719298246,positive,0.2454182904748935,0.4033211308740327,0.49539710382166496,895.2859236524115,1471.3154854284712,29.921328908529638,0.3094938224064683,0.3094938224064683,1129.0334641387963,1129.0334641387963,0.6084935097326795,1.2282944430610303,1.391619842509983,1.2277417760221037,1.3916198425099826,1.2277417760221037,1.2615457571823052,0.882377229009257,1.1231855399631465,46032.54313382514,32197.062709318776,214.55195905380387,0.08740345680443913,0.08740345680443913,3189.2647353371794,3189.2647353371794,0.5377785085916303,positive,0.1745507447407441,0.32821894213632596,0.4177927054661727,6369.182124845012,11976.380979612399,79.80715584986733,0.03251157122857952,0.03251157122857952,1186.314722559638,1186.314722559638,0.5318119167791491,1.2729085736088999,48,2.362150231356594e-06,0.08619013764173941,1.1626049500747384,0.868547297075727,1.0782416009757454,18349.393927029596,13708.2819897462,135.45993476681434,0.03236682420975851,0.03236682420975851,510.84558650261863,510.84558650261863,0.5115630741937528,positive,0.16086103791278927,0.3230746053608436,0.4010748532540893,2538.869761377553,5099.086496410195,50.38719838785992,0.012039527373533252,0.012039527373533252,190.01986053647533,190.01986053647533,0.49790678451227327,1.2414310707154679,0.9215717649999842,0.9843265085738234,0.9599852941581889,0.39861786201306554,0.4257618812469692,0.6313619104864227,0.9215717649999843,0.9843265085738236,0.9599852941581888,0.3986178620130656,0.4257618812469692,0.6313619104864227,0.6554565986158456,0.8010356528077571,0.8096027412353825,2.835820037268062,3.4656649419585612,1.683989322195382,0.6554565986158456,0.801035652807757,0.8096027412353825,2.835820037268062,3.4656649419585612,1.683989322195382,0.9999999999999918,-0.8418420876050318,2.5837216376601173,340.0,1.5182891198502433,0.7591445599251216,0.0,0.7816345893324524,1.5300938381496079,0.7650469190748039,0.2501408687553513,0.7770872492056905,6.075171092603711,0.42841775479648025,1.5182891198502433,0.7591445599251216,features=treated_and_donor_lags__controls=2__rep=0,treated_and_donor_lags,2.0,2,0,42,42,True,True,"(0.01,)","(True,)","(False,)",False,"(0.05,)","(64, 64)",0.0005,2000,256,10,True,True,336,True,24,1,0.2,0.1,False,3,3,5,False,10,False,10,runtime_RaspberryPi/features=treated_and_donor_lags__controls=2__rep=0
bess,bess_panel_features,SCM,single_validation_split,netconsumption_1,299,50,50.0,50,436,36489,336,25544,7297,3648,15783,0.01,True,False,False,2.688379967548493,,0.000830278000648832,3.78658945800089,0.3394555009999749,0.001440853000531206,0.0,4.128372070999831,0.0008235750010499032,4.865365408999423,0.3598207960003492,0.018869460000132676,143.32828520599833,148.5731725200003,152.70154459100013,0.18440245090168508,0.3097906323835079,0.429421064808988,4710.376205832644,7913.291913604326,68.63218054114733,0.014386419502483986,0.014386419502483986,367.48669977145096,367.48669977145096,0.4802301910429064,positive,0.025514401640729573,0.11523320219723361,0.15973228114795573,651.7398755107962,2943.5169169261353,25.529196530850637,0.005351334140316042,0.005351334140316042,136.69447928023297,136.69447928023297,0.2214153660076114,1.3861654289061351,0.16034086266922914,0.2884130839295129,0.40042585164950223,1170.007274897365,2104.550273433656,34.205369094593394,6.159877349925284e-05,6.159877349925284e-05,0.449486250224048,0.449486250224048,0.4725229546388927,positive,0.022185177851811247,0.10728136923015164,0.14894689607981512,161.88524278466667,782.8321512724165,12.723413173542179,2.291297147085465e-05,2.291297147085465e-05,0.1671959528228264,0.1671959528228264,0.20679432049582808,1.3883761658585665,0.2572880174493476,0.3626421616305525,0.5072356626355717,938.58668765522,1322.9186056282556,30.636362180507334,0.12470667359247187,0.12470667359247187,454.9299452653374,454.9299452653374,0.5740131578947368,positive,0.03559903777010865,0.13489245047501314,0.18867707271978928,129.86528978535637,492.0876593328479,11.395845286127589,0.04638729461527369,0.04638729461527369,169.22085075651842,169.22085075651842,0.26390682091362,1.3987222565486641,1.395252699686306,1.1706040264691304,1.395252699686306,1.1706040264691306,0.18608708982554353,0.31080291341393534,0.4313781285896905,6790.131820644258,11340.887507561087,82.40225616234217,0.016222728825067572,0.016222728825067572,591.9511520978906,591.9511520978906,0.4831319027652169,positive,0.025747492653960456,0.11560974161600879,0.1604602525672961,939.500259450363,4218.483861826545,30.651268480282557,0.006034388375487306,0.006034388375487306,220.1887974331563,220.1887974331563,0.22271040739351616,1.3879475061907476,48,-1.7672255806897784e-07,-0.006448252698820863,0.1900342253351744,0.32391137420942023,0.43592915173818597,2999.3101784650576,5112.293219147279,54.76595820822509,-0.026239769166276166,0.026239769166276166,-414.14227675133674,414.14227675133674,0.5652284103148958,negative,0.026293628566095375,0.1204857118857316,0.16215310224012175,414.9923396586833,1901.6259906925018,20.37136077091276,-0.009760439180107399,0.009760439180107399,-154.04901157963508,154.04901157963508,0.21823026278030544,1.3458284779352712,1.0212112270299423,1.0421761194304724,1.0105499626589187,0.44171604582788176,0.4507842279309146,0.6646172175229,1.021211227029942,1.0421761194304722,1.0105499626589187,0.4417160458278817,0.45078422793091455,0.6646172175228999,0.7386050357847952,0.8931983329048488,0.8594213377527901,3.1955601095919475,3.864404958398363,1.787612964148545,0.7386050357847952,0.8931983329048486,0.8594213377527901,3.1955601095919466,3.8644049583983624,1.7876129641485445,0.9999999999999325,-0.08401384202564291,0.19751950688645942,436.0,27.96480532032742,0.5592961064065485,0.17834920136103516,0.08268241525530658,33.835172265320715,0.6767034453064142,0.37710195014011927,0.06124123017655928,65.75618168437036,0.3820793694569151,27.96480532032742,0.5592961064065485,features=treated_and_donor_lags__controls=50__rep=0,treated_and_donor_lags,50.0,50,0,42,42,True,True,"(0.01,)","(True,)","(False,)",False,"(0.05,)","(64, 64)",0.0005,2000,256,10,True,True,336,True,24,1,0.2,0.1,False,3,3,5,False,10,False,10,runtime_RaspberryPi/features=treated_and_donor_lags__controls=50__rep=0
bess,bess_panel_features,SCM,single_validation_split,netconsumption_1,299,299,,299,934,36489,336,25544,7297,3648,15783,0.01,True,False,False,2.688379967548493,,0.002808501998515567,18.12773405400003,2.130878414998733,0.0032188930017582607,0.0,20.264693752000312,0.0026967439989675768,22.038444081001217,2.198875053996744,0.04183176299920888,476.24628312300047,500.5281400049971,520.7928337569974,0.10863900898542653,0.24467054482655912,0.329604321854897,2775.0748455237353,6249.864397049626,52.678979161746625,0.004169698636273096,0.004169698636273096,106.51078196495996,106.51078196495996,0.45357031005324144,positive,0.015031575207114954,0.09101040320936173,0.12260332461689183,383.96655709054437,2324.769739579936,19.595064610522325,0.001551007925444186,0.001551007925444186,39.618946447546286,39.618946447546286,0.16516326350665744,1.3471352756767077,0.10034858251715846,0.2301585989878748,0.31677844389597987,732.2436066277053,1679.4672968145223,27.06000012246314,0.005421195487229712,0.005421195487229712,39.5584634703152,39.5584634703152,0.4729340824996574,positive,0.013884490286876543,0.08561237688352295,0.1178324670321238,101.31512562333813,624.713514119067,10.065541496776918,0.0020165287469290456,0.0020165287469290456,14.714610266341245,14.714610266341245,0.16217853997637072,1.376348506156263,0.1781316564545833,0.3170127535551954,0.42205646121648616,649.8242827463198,1156.462524969353,25.491651236165925,0.024236802256494622,0.024236802256494622,88.41585463169238,88.41585463169238,0.45476973684210525,positive,0.0246467582479901,0.11791962348398102,0.15699286050005617,89.91137408866788,430.17078646956276,9.48216083435985,0.009015393117437905,0.009015393117437905,32.88815409241348,32.88815409241348,0.20901320339899385,1.3313548318900723,1.639665697599275,1.2956719157997458,1.6396656975992745,1.2956719157997456,0.1122807525785366,0.2484173512394472,0.33508320247147066,4097.012380838222,9064.500729376188,64.00790873664145,0.003660157781765683,0.003660157781765683,133.555497298848,133.555497298848,0.45331469758009263,positive,0.015535456301172118,0.09240410739482503,0.1246413105722662,566.8732649734694,3371.7334747297705,23.809100465441137,0.0013614733876712165,0.0013614733876712165,49.67880244273502,49.67880244273502,0.16812517039737304,1.3488719721050686,48,-2.6807375213534525e-08,-0.0009781475067914477,0.12456199564753251,0.260026734568131,0.3529334153172982,1965.9619773050056,4104.001951688812,44.33916978592411,0.009042421622594474,0.009042421622594474,142.71654046940859,142.71654046940859,0.47044288158144837,positive,0.01723472096266434,0.09672246397716125,0.13128107617880172,272.0156009537313,1526.570648951536,16.492895469071865,0.0033635206822494545,0.0033635206822494545,53.08644692794314,53.08644692794314,0.17818736469259008,1.3572966483753006,1.1093797715722078,1.046733383440248,1.05327098677036,0.47985258392184366,0.4527554328931304,0.6927139264673721,1.1093797715722078,1.0467333834402481,1.05327098677036,0.4798525839218437,0.4527554328931304,0.6927139264673721,0.6992692827694611,0.820240610675802,0.8362232254425018,3.0253747505346507,3.5487548131294364,1.739360442960185,0.6992692827694612,0.8202406106758021,0.8362232254425018,3.025374750534651,3.548754813129437,1.739360442960185,0.9999999999999247,-0.043264377987706805,0.13512882605716833,934.0,136.2710789511407,0.4557561168934472,0.3359900153669635,0.032659593488804255,180.96047980666725,0.6052189960089206,0.4510660033726124,0.021872117652535286,261.0374318143042,0.41496970485045176,136.2710789511407,0.4557561168934472,features=treated_and_donor_lags__controls=all__rep=0,treated_and_donor_lags,,all,0,42,42,True,True,"(0.01,)","(True,)","(False,)",False,"(0.05,)","(64, 64)",0.0005,2000,256,10,True,True,336,True,24,1,0.2,0.1,False,3,3,5,False,10,False,10,runtime_RaspberryPi/features=treated_and_donor_lags__controls=all__rep=0
bess,bess_panel_features,SCM,single_validation_split,netconsumption_1,299,100,100.0,100,436,36489,336,25544,7297,3648,15783,0.01,True,False,False,2.688379967548493,,0.00040335299854632467,0.9703046989998256,0.3405589109988796,0.0014411869997275062,0.0,1.3127586099999462,0.0005654260003211675,1.6998101209992456,0.3616929500003607,0.02061185300044599,142.5151067429997,144.59779627900025,145.9105548890002,0.14883567199349254,0.2925770016486047,0.38579226533653127,3801.858405401774,7473.586930111958,61.6592118454475,0.029972615812417603,0.029972615812417603,765.6204983123953,765.6204983123953,0.5005872220482305,positive,0.0205932898133468,0.1088302268207283,0.14350362299728464,526.0349949921307,2779.9593139086837,22.935452796753996,0.01114895073398026,0.01114895073398026,284.78879754879176,284.78879754879176,0.18922399056715472,1.3186007894081893,0.12233519000089822,0.26375417019752057,0.34976447790034115,892.6798814365543,1924.6141799313077,29.87774893522861,0.040336166637521584,0.040336166637521584,294.333007953995,294.333007953995,0.5307660682472248,positive,0.016926614354719285,0.09810896278848387,0.13010232263383803,123.51350494638663,715.9011014675668,11.113662985100216,0.015003893469085672,0.015003893469085672,109.48341064391815,109.48341064391815,0.1725287259555673,1.3261002760199354,0.21349748729272963,0.3530488333648196,0.46205788305441736,778.8388336438777,1287.922144114862,27.90768413258036,0.013474163864112347,0.013474163864112347,49.15374977628184,49.15374977628184,0.44353070175438597,positive,0.029540066378930568,0.1313240083717635,0.1718722385347051,107.76216215033871,479.0699825401933,10.380855559651078,0.005012001289534716,0.005012001289534716,18.283780704222643,18.283780704222643,0.2249403345601968,1.3087647922545442,1.4344510588971189,1.2066868939645632,1.4344510588971189,1.2066868939645627,0.14872291006384983,0.2916840971440575,0.3856460943194548,5426.750265319816,10643.261020689515,73.66647993028998,0.027224680201365325,0.027224680201365325,993.4013558676194,993.4013558676194,0.49661541834525474,positive,0.02057768778013835,0.10849809203497426,0.14344925158444832,750.8592494094682,3958.986880264176,27.401811060757794,0.010126797748084412,0.010126797748084412,369.51672302985213,369.51672302985213,0.18965944372095642,1.3221361675024441,48,-2.5136473406321403e-07,-0.009171796416498554,0.1425162980616859,0.2854227661325242,0.37751330845638525,2249.3347323075886,4504.827517869629,47.42715184688607,0.019696788192678817,0.019696788192678817,310.8744080450498,310.8744080450498,0.4796933409364506,positive,0.01971892483703727,0.10616905704471469,0.1404240892334263,311.22379070295926,1675.666227336732,17.64153595078839,0.007326638507368482,0.007326638507368482,115.63633556179676,115.63633556179676,0.1857313739607987,1.322646099929894,0.9582672770489812,0.9785338622405563,0.9789112712850849,0.4144901870060586,0.4232563223914796,0.6438091231149637,0.9582672770489812,0.9785338622405562,0.978911271285085,0.41449018700605855,0.4232563223914796,0.6438091231149639,0.6675315005758341,0.8084512372190318,0.8170260097303109,2.8880618622775196,3.497748321553722,1.699429863888922,0.6675315005758342,0.8084512372190318,0.817026009730311,2.8880618622775196,3.497748321553722,1.699429863888922,0.9999999999999772,-0.07733235387108216,0.1834814061540189,436.0,46.3541762804176,0.46354176280417597,0.3258057516634286,0.0769725940392569,46.354176280417576,0.46354176280417575,0.32580575166342873,0.07697259403925691,69.71537831500831,0.33033965351280287,46.3541762804176,0.46354176280417597,features=treated_lags__controls=100__rep=0,treated_lags,100.0,100,0,42,42,True,True,"(0.01,)","(True,)","(False,)",False,"(0.05,)","(64, 64)",0.0005,2000,256,10,True,True,336,False,0,0,0.2,0.1,False,3,3,5,False,10,False,10,runtime_RaspberryPi/features=treated_lags__controls=100__rep=0
bess,bess_panel_features,SCM,single_validation_split,netconsumption_1,299,2,2.0,2,338,36489,336,25544,7297,3648,15783,0.01,True,False,False,2.688379967548493,,0.00032379699950979557,0.7828062859998681,0.1922068619996935,0.0010986130000674166,0.0,0.9764900210002452,0.00045296400003280723,1.3351864810001643,0.204426624000007,0.014589450000130455,72.69516332500007,74.24983215799966,75.22632217899991,1.4569375454454832,0.9457310712044068,1.2070366794118077,37216.01266085942,24157.75448284537,192.91452164329004,0.04234392595323477,0.04234392595323477,1081.633244549429,1081.633244549429,0.5204353272784216,positive,0.20158565961671318,0.35178474866661413,0.4489829168428496,5149.304089249322,8985.989619939992,71.75865166827845,0.01575072216887845,0.01575072216887845,402.3364470818311,402.3364470818311,0.5730369505238432,1.2763001197313133,1.2295748726936662,0.8860753432170946,1.10886197188544,8972.207846045681,6465.691779455139,94.72173903621956,-0.053927412503703476,0.053927412503703476,-393.50832903952426,393.50832903952426,0.5166506783609702,negative,0.17012717019678425,0.329594534222444,0.4124647502475627,1241.4179609259347,2405.0513162211737,35.23376166301201,-0.02005944589480012,0.02005944589480012,-146.37377669435648,146.37377669435648,0.5161710906345464,1.2514307957825217,2.3742915256614117,1.286655651118691,1.5408736241695526,8661.41548561283,4693.719815280985,93.06672598524582,1.0989996347173328,1.0989996347173328,4009.15066744883,4009.15066744883,0.8612938596491229,positive,0.3285131369007866,0.4785988835841458,0.5731606554019445,1198.4159234140695,1745.928727314964,34.61814442476762,0.4087962445723398,0.4087962445723398,1491.2887001998956,1491.2887001998956,0.6864059824807937,1.1975804270783952,1.6296453702381815,1.360487870489557,1.6296453702381815,1.3604878704895569,1.4941028662250373,0.9648912351433329,1.2223350057267595,54518.31948568539,35207.91627914507,233.49158332943264,0.12460092943771905,0.12460092943771905,4546.5633142529305,4546.5633142529305,0.5461920030694182,positive,0.20672794984571705,0.3589117783909123,0.4546734540807469,7543.29616192037,13096.331881705999,86.85215116461059,0.04634796083209228,0.04634796083209228,1691.190742802215,1691.190742802215,0.5759854156153027,1.266811181620055,48,3.3249598018498524e-06,0.12132113324989742,1.2407066569814225,0.9080761469853266,1.1138701257244592,19582.07316713779,14332.165827869409,139.9359609504926,0.032749631983115854,0.032749631983115854,516.8874415895175,516.8874415895175,0.511943230057657,positive,0.1716673927583987,0.33777820023461647,0.4143276393850629,2709.426459905807,5331.153334302951,52.05215134752652,0.012181920851381705,0.012181920851381705,192.26725679735745,192.26725679735745,0.5082251981897017,1.2266263456234776,0.8304024341484336,0.9411176243614997,0.9112641955813,0.3591833598663906,0.4070722537010482,0.5993190801788232,0.8304024341484335,0.9411176243614998,0.9112641955812999,0.35918335986639055,0.40707225370104827,0.5993190801788231,0.5225586848000041,0.705764705728214,0.7228822067252756,2.260839836128965,3.053477069766557,1.5036089372336696,0.522558684800004,0.705764705728214,0.7228822067252756,2.2608398361289646,3.053477069766558,1.5036089372336694,0.9999999999999956,-0.08967186356928918,2.4777382847298552,338.0,1.4922054425270062,0.7461027212635031,0.0,0.7916753417607658,1.4922054425270062,0.7461027212635031,0.0,0.7916753417607658,5.850108881983007,0.41973547587418186,1.4922054425270062,0.7461027212635031,features=treated_lags__controls=2__rep=0,treated_lags,2.0,2,0,42,42,True,True,"(0.01,)","(True,)","(False,)",False,"(0.05,)","(64, 64)",0.0005,2000,256,10,True,True,336,False,0,0,0.2,0.1,False,3,3,5,False,10,False,10,runtime_RaspberryPi/features=treated_lags__controls=2__rep=0
bess,bess_panel_features,SCM,single_validation_split,netconsumption_1,299,50,50.0,50,386,36489,336,25544,7297,3648,15783,0.01,True,False,False,2.688379967548493,,0.0003708160002133809,0.9217184709996218,0.2570366189993365,0.0014278350008680718,0.0,1.1806081300001097,0.00048496299859834835,1.5459743680003157,0.26802472499912255,0.016778761999376002,108.42750446500031,110.25877534000028,111.4393834700004,0.20757591742953363,0.3309661683633331,0.455605001541394,5302.319234820007,8454.19980467298,72.81702572077499,0.03423503847301797,0.03423503847301797,874.499822754771,874.499822754771,0.504697776385844,positive,0.028720742605876298,0.12310989233606655,0.16947195226902975,733.6426491245041,3144.719089832484,27.08583853463843,0.012734449328692386,0.012734449328692386,325.2887736521183,325.2887736521183,0.23329354011190379,1.376590857592529,0.172646384870868,0.3025315872102022,0.41550738245050234,1259.8006704027239,2207.5729918728453,35.49367084992371,-0.0029631481311371073,0.0029631481311371073,-21.62209191290747,21.62209191290747,0.5302178977662053,negative,0.023887801837101565,0.11253304624423227,0.15455679162399033,174.30929000533013,821.1536384441629,13.20262436053265,-0.0011022058514441185,0.0011022058514441185,-8.042796097987733,8.042796097987733,0.2122736621317216,1.3734347090236343,0.2831655913924786,0.38005492821436176,0.5321330579774937,1032.988077399762,1386.4403781259916,32.14013188211526,0.15440314017772136,0.15440314017772136,563.2626553683275,563.2626553683275,0.5959429824561403,positive,0.039179526054533564,0.1413694986579334,0.1979381874589478,142.92691104693844,515.7159311041411,11.955204349861129,0.05743352578189312,0.05743352578189312,209.5175020523461,209.5175020523461,0.27714271060219875,1.4001477641078122,1.3641543532553848,1.1483195702261002,1.364154353255385,1.1483195702261002,0.20592846546208513,0.3280712936892493,0.4537934171647768,7514.123776246024,11970.993435427019,86.68404568457811,0.03467211380479056,0.03467211380479056,1265.1507606230027,1265.1507606230027,0.5037408534078763,positive,0.028492796876436386,0.12203308224633674,0.1687980950023915,1039.6736652242873,4452.865138086581,32.243970990315184,0.012897028776928327,0.012897028776928327,470.5996830413377,470.5996830413377,0.23348420241423262,1.3832158615944374,48,-2.904138850100868e-07,-0.010596621836248047,0.19745460285271096,0.3298861753601564,0.444358642149234,3116.4259968243373,5206.593505709348,55.824958547448446,-0.022025112984256863,0.022025112984256863,-347.62235823052606,347.62235823052606,0.5614268516758538,negative,0.0273203312556882,0.12270816601158364,0.16528863014644474,431.19678820852687,1936.7029841608246,20.765278428389223,-0.008192708341128336,0.008192708341128336,-129.3055157480285,129.3055157480285,0.22264476883395976,1.3470059533840764,0.9588504552279377,1.0055319734027877,0.9792090967857364,0.41474243566177593,0.43493412086426586,0.6440049966124299,0.958850455227938,1.0055319734027874,0.9792090967857365,0.41474243566177604,0.43493412086426575,0.64400499661243,0.6973114278529383,0.8679960470716255,0.8350517516016228,3.016904129880188,3.7553677661544587,1.736923754768812,0.6973114278529383,0.8679960470716254,0.8350517516016228,3.016904129880188,3.7553677661544578,1.736923754768812,1.0000000000000127,-0.09366394232241983,0.2251019367290193,386.0,27.841300954478527,0.5568260190895705,0.27227866095659925,0.0887192380891806,27.841300954478527,0.5568260190895705,0.27227866095659925,0.0887192380891806,43.767057473569686,0.3435687299172777,27.841300954478527,0.5568260190895705,features=treated_lags__controls=50__rep=0,treated_lags,50.0,50,0,42,42,True,True,"(0.01,)","(True,)","(False,)",False,"(0.05,)","(64, 64)",0.0005,2000,256,10,True,True,336,False,0,0,0.2,0.1,False,3,3,5,False,10,False,10,runtime_RaspberryPi/features=treated_lags__controls=50__rep=0
bess,bess_panel_features,SCM,single_validation_split,netconsumption_1,299,299,,299,635,36489,336,25544,7297,3648,15783,0.01,True,False,False,2.688379967548493,,0.0005616669986920897,1.4104195319996506,0.8327872609988844,0.002064464999421034,0.0,2.2458888330002083,0.0006045560003258288,2.380885743001272,0.8571389700009604,0.02784586099733133,276.2557853440012,279.52226888099904,281.76815771399924,0.12629269341599553,0.26549395054702474,0.3553768329759208,3226.02056061819,6781.777472773199,56.79806828245297,0.011622927473861538,0.011622927473861538,296.89605939231916,296.89605939231916,0.46746789852803006,positive,0.01747418479715981,0.09875611102292435,0.13218995724774182,446.3605764586502,2522.6260999695796,21.127247252272365,0.004323394614660952,0.004323394614660952,110.43679203689936,110.43679203689936,0.17694282020789084,1.3385496439512128,0.1086324326266014,0.24272053302168117,0.3295943455622402,792.6908608763104,1771.1317294592075,28.15476621952863,0.01841108364340615,0.01841108364340615,134.34567734593466,134.34567734593466,0.49499794436069616,positive,0.01503066528504191,0.09028505492213425,0.12259961372305343,109.67876458495083,658.8100457668136,10.472762987146746,0.006848393406306711,0.006848393406306711,49.97272668582007,49.97272668582007,0.16648010346789963,1.3579170309946498,0.2036627308651009,0.3317962547470247,0.45129007397138804,742.9616421958881,1210.392737317146,27.257322726120556,0.0552955372463328,0.0552955372463328,201.71811987462206,201.71811987462206,0.48519736842105265,positive,0.02817930395789827,0.12341866058821525,0.1678669233586482,102.79810083841289,450.23127382580924,10.138939828128624,0.020568348936462373,0.020568348936462373,75.03333692021474,75.03333692021474,0.22832287940571766,1.3601421580706825,1.6126248111144181,1.249731883018014,1.6126248111144177,1.2497318830180135,0.1285637383041067,0.2670140147030686,0.3585578590745247,4691.162246978549,9743.07438250027,68.49205973672093,0.011666466781259814,0.011666466781259814,425.69770638138937,425.69770638138937,0.46696264627696016,positive,0.017788412461358732,0.09932153115489699,0.13337320743447212,649.0813823025188,3624.143350311036,25.47707562304824,0.004339589984334822,0.004339589984334822,158.3472989383933,158.3472989383933,0.17909925727601597,1.3428428446846012,48,2.8176176591793462e-08,0.00102809233148136,0.1291305608829142,0.26530835962914295,0.3593474097345272,2038.0676424150347,4187.361840026763,45.14496253642298,0.027349206275335994,0.027349206275335994,431.652522643628,431.652522643628,0.5019958182854971,positive,0.017866839504296676,0.09868707654114645,0.1336668975636701,281.99232789631446,1557.5781290489144,16.792627188629968,0.010173117864836444,0.010173117864836444,160.5623192607136,160.5623192607136,0.18104538233886483,1.354451892269189,1.0044088837667953,0.993612114046439,1.002202017442988,0.4344483381975755,0.42977828923771405,0.6591269515029524,1.0044088837667953,0.9936121140464389,1.002202017442988,0.43444833819757545,0.42977828923771405,0.6591269515029524,0.6340411931746401,0.7996122796245098,0.7962670363481338,2.743166708299163,3.4595067459741333,1.65625079873163,0.63404119317464,0.7996122796245099,0.7962670363481337,2.7431667082991624,3.4595067459741338,1.65625079873163,1.000000000000071,-0.04755458908653232,0.11717489796208369,635.0,148.13584628808115,0.4954376130036159,0.4138572671158405,0.030433183542098674,148.13584628808113,0.49543761300361583,0.4138572671158405,0.030433183542098674,190.0501758184813,0.3865610299828089,148.13584628808115,0.4954376130036159,features=treated_lags__controls=all__rep=0,treated_lags,,all,0,42,42,True,True,"(0.01,)","(True,)","(False,)",False,"(0.05,)","(64, 64)",0.0005,2000,256,10,True,True,336,False,0,0,0.2,0.1,False,3,3,5,False,10,False,10,runtime_RaspberryPi/features=treated_lags__controls=all__rep=0
